TIME,fixed,tou,fit,ch_cost,dis_cost,mode_0,mode_1,mode_2,set_point,sp_soft,heat_gains,load_sim,load1,heat_gains0,load
00:00:00,0.25,0.16,0.11,0.02,0.01,1,0,0,25,10,0.5,300,500,0,332
00:05:00,0.25,0.16,0.11,0.02,0.01,1,0,0,25,10,0.5,300,500,0,326
00:10:00,0.25,0.16,0.11,0.02,0.01,1,0,0,25,10,0.5,300,500,0,332
00:15:00,0.25,0.16,0.11,0.02,0.01,1,0,0,25,10,0.5,300,500,0,332
00:20:00,0.25,0.16,0.11,0.02,0.01,1,0,0,25,10,0.5,300,500,0,330
00:25:00,0.25,0.16,0.11,0.02,0.01,1,0,0,25,10,0.5,300,500,0,331
00:30:00,0.25,0.16,0.11,0.02,0.01,1,0,0,25,10,0.5,300,500,0,329
00:35:00,0.25,0.16,0.11,0.02,0.01,1,0,0,25,10,0.5,300,500,0,335
00:40:00,0.25,0.16,0.11,0.02,0.01,1,0,0,25,10,0.5,300,500,0,338
00:45:00,0.25,0.16,0.11,0.02,0.01,1,0,0,25,10,0.5,300,500,0,324
00:50:00,0.25,0.16,0.11,0.02,0.01,1,0,0,25,10,0.5,300,500,0,330
00:55:00,0.25,0.16,0.11,0.02,0.01,1,0,0,25,10,0.5,300,500,0,327
01:00:00,0.25,0.16,0.11,0.02,0.01,1,0,0,25,10,0.5,300,500,0,331
01:05:00,0.25,0.16,0.11,0.02,0.01,1,0,0,25,10,0.5,300,500,0,331
01:10:00,0.25,0.16,0.11,0.02,0.01,1,0,0,25,10,0.5,300,500,0,336
01:15:00,0.25,0.16,0.11,0.02,0.01,1,0,0,25,10,0.5,300,500,0,334
01:20:00,0.25,0.16,0.11,0.02,0.01,1,0,0,25,10,0.5,300,500,0,325
01:25:00,0.25,0.16,0.11,0.02,0.01,1,0,0,25,10,0.5,300,500,0,331
01:30:00,0.25,0.16,0.11,0.02,0.01,1,0,0,25,10,0.5,300,500,0,329
01:35:00,0.25,0.16,0.11,0.02,0.01,1,0,0,25,10,0.5,300,500,0,329
01:40:00,0.25,0.16,0.11,0.02,0.01,1,0,0,25,10,0.5,300,500,0,332
01:45:00,0.25,0.16,0.11,0.02,0.01,1,0,0,25,10,0.5,300,500,0,333
01:50:00,0.25,0.16,0.11,0.02,0.01,1,0,0,25,10,0.5,300,500,0,334
01:55:00,0.25,0.16,0.11,0.02,0.01,1,0,0,25,10,0.5,300,500,0,332
02:00:00,0.25,0.16,0.11,0.02,0.01,1,0,0,25,10,0.5,300,500,0,329
02:05:00,0.25,0.16,0.11,0.02,0.01,1,0,0,25,10,0.5,300,500,0,331
02:10:00,0.25,0.16,0.11,0.02,0.01,1,0,0,25,10,0.5,300,500,0,333
02:15:00,0.25,0.16,0.11,0.02,0.01,1,0,0,25,10,0.5,300,500,0,328
02:20:00,0.25,0.16,0.11,0.02,0.01,1,0,0,25,10,0.5,300,500,0,330
02:25:00,0.25,0.16,0.11,0.02,0.01,1,0,0,25,10,0.5,300,500,0,328
02:30:00,0.25,0.16,0.11,0.02,0.01,1,0,0,25,10,0.5,300,500,0,332
02:35:00,0.25,0.16,0.11,0.02,0.01,1,0,0,25,10,0.5,300,500,0,325
02:40:00,0.25,0.16,0.11,0.02,0.01,1,0,0,25,10,0.5,300,500,0,353
02:45:00,0.25,0.16,0.11,0.02,0.01,1,0,0,25,10,0.5,300,500,0,331
02:50:00,0.25,0.16,0.11,0.02,0.01,1,0,0,25,10,0.5,300,500,0,331
02:55:00,0.25,0.16,0.11,0.02,0.01,1,0,0,25,10,0.5,300,500,0,332
03:00:00,0.25,0.16,0.11,0.02,0.01,1,0,0,25,10,0.5,300,500,0,334
03:05:00,0.25,0.16,0.11,0.02,0.01,1,0,0,25,10,0.5,300,500,0,327
03:10:00,0.25,0.16,0.11,0.02,0.01,1,0,0,25,10,0.5,300,500,0,330
03:15:00,0.25,0.16,0.11,0.02,0.01,1,0,0,25,10,0.5,300,500,0,333
03:20:00,0.25,0.16,0.11,0.02,0.01,1,0,0,25,10,0.5,300,500,0,327
03:25:00,0.25,0.16,0.11,0.02,0.01,1,0,0,25,10,0.5,300,500,0,329
03:30:00,0.25,0.16,0.11,0.02,0.01,1,0,0,25,10,0.5,300,500,0,324
03:35:00,0.25,0.16,0.11,0.02,0.01,1,0,0,25,10,0.5,300,500,0,319
03:40:00,0.25,0.16,0.11,0.02,0.01,1,0,0,25,10,0.5,300,500,0,323
03:45:00,0.25,0.16,0.11,0.02,0.01,1,0,0,25,10,0.5,300,500,0,342
03:50:00,0.25,0.16,0.11,0.02,0.01,1,0,0,25,10,0.5,300,500,0,330
03:55:00,0.25,0.16,0.11,0.02,0.01,1,0,0,25,10,0.5,300,500,0,335
04:00:00,0.25,0.16,0.11,0.02,0.01,1,0,0,25,10,0.5,300,500,0,332
04:05:00,0.25,0.16,0.11,0.02,0.01,1,0,0,25,10,0.5,300,500,0,328
04:10:00,0.25,0.16,0.11,0.02,0.01,1,0,0,25,10,0.5,300,500,0,329
04:15:00,0.25,0.16,0.11,0.02,0.01,1,0,0,25,10,0.5,300,500,0,343
04:20:00,0.25,0.16,0.11,0.02,0.01,1,0,0,25,10,0.5,300,500,0,324
04:25:00,0.25,0.16,0.11,0.02,0.01,1,0,0,25,10,0.5,300,500,0,330
04:30:00,0.25,0.16,0.11,0.02,0.01,1,0,0,25,10,0.5,300,500,0,328
04:35:00,0.25,0.16,0.11,0.02,0.01,1,0,0,25,10,0.5,300,500,0,328
04:40:00,0.25,0.16,0.11,0.02,0.01,1,0,0,25,10,0.5,300,500,0,340
04:45:00,0.25,0.16,0.11,0.02,0.01,1,0,0,25,10,0.5,300,500,0,337
04:50:00,0.25,0.16,0.11,0.02,0.01,1,0,0,25,10,0.5,300,500,0,341
04:55:00,0.25,0.16,0.11,0.02,0.01,1,0,0,25,10,0.5,300,500,0,335
05:00:00,0.25,0.16,0.11,0.02,0.01,1,0,0,25,10,0.5,300,500,0,342
05:05:00,0.25,0.16,0.11,0.02,0.01,1,0,0,25,10,0.5,300,500,0,346
05:10:00,0.25,0.16,0.11,0.02,0.01,1,0,0,25,10,0.5,300,500,0,342
05:15:00,0.25,0.16,0.11,0.02,0.01,1,0,0,25,10,0.5,300,500,0,345
05:20:00,0.25,0.16,0.11,0.02,0.01,1,0,0,25,10,0.5,300,500,0,345
05:25:00,0.25,0.16,0.11,0.02,0.01,1,0,0,25,10,0.5,300,500,0,346
05:30:00,0.25,0.16,0.11,0.02,0.01,1,0,0,25,10,0.5,300,500,0,352
05:35:00,0.25,0.16,0.11,0.02,0.01,1,0,0,25,10,0.5,300,500,0,358
05:40:00,0.25,0.16,0.11,0.02,0.01,1,0,0,25,10,0.5,300,500,0,363
05:45:00,0.25,0.16,0.11,0.02,0.01,1,0,0,25,10,0.5,300,500,0,362
05:50:00,0.25,0.16,0.11,0.02,0.01,1,0,0,25,10,0.5,300,500,0,375
05:55:00,0.25,0.16,0.11,0.02,0.01,1,0,0,25,10,0.5,300,500,0,366
06:00:00,0.25,0.28,0.11,0.02,0.01,1,0,0,25,10,0.5,300,1500,0,380
06:05:00,0.25,0.28,0.11,0.02,0.01,1,0,0,25,10,0.5,300,1500,0,379
06:10:00,0.25,0.28,0.11,0.02,0.01,1,0,0,25,10,0.5,300,1500,0,384
06:15:00,0.25,0.28,0.11,0.02,0.01,1,0,0,25,10,0.5,300,1500,0,379
06:20:00,0.25,0.28,0.11,0.02,0.01,1,0,0,25,10,0.5,300,1500,0,394
06:25:00,0.25,0.28,0.11,0.02,0.01,1,0,0,25,10,0.5,300,1500,0,383
06:30:00,0.25,0.28,0.11,0.02,0.01,1,0,0,25,10,0.5,300,1500,0,398
06:35:00,0.25,0.28,0.11,0.02,0.01,1,0,0,25,10,0.5,300,1500,0,391
06:40:00,0.25,0.28,0.11,0.02,0.01,1,0,0,25,10,0.5,300,1500,0,392
06:45:00,0.25,0.28,0.11,0.02,0.01,1,0,0,25,10,0.5,300,1500,0,405
06:50:00,0.25,0.28,0.11,0.02,0.01,1,0,0,25,10,0.5,300,1500,0,389
06:55:00,0.25,0.28,0.11,0.02,0.01,1,0,0,25,10,0.5,300,1500,0,388
07:00:00,0.25,0.28,0.11,0.02,0.01,1,0,0,25,10,1.32,500,1500,0,3010
07:05:00,0.25,0.28,0.11,0.02,0.01,1,0,0,25,10,1.32,500,1500,0,3011
07:10:00,0.25,0.28,0.11,0.02,0.01,1,0,0,25,10,1.32,500,1500,0,3012
07:15:00,0.25,0.28,0.11,0.02,0.01,1,0,0,25,10,1.32,500,1500,0,3019
07:20:00,0.25,0.28,0.11,0.02,0.01,1,0,0,25,10,1.32,500,1500,0,3014
07:25:00,0.25,0.28,0.11,0.02,0.01,1,0,0,25,10,1.32,500,1500,0,3005
07:30:00,0.25,0.28,0.11,0.02,0.01,1,0,0,25,10,1.32,500,1500,0,3020
07:35:00,0.25,0.28,0.11,0.02,0.01,1,0,0,25,10,1.32,500,1500,0,3014
07:40:00,0.25,0.28,0.11,0.02,0.01,1,0,0,25,10,1.32,500,1500,0,3013
07:45:00,0.25,0.28,0.11,0.02,0.01,1,0,0,25,10,1.32,500,1500,0,3003
07:50:00,0.25,0.28,0.11,0.02,0.01,1,0,0,25,10,1.32,500,1500,0,3012
07:55:00,0.25,0.28,0.11,0.02,0.01,1,0,0,25,10,1.32,500,1500,0,3001
08:00:00,0.25,0.28,0.11,0.02,0.01,1,0,0,23,50,1.02,4000,1500,0,757
08:05:00,0.25,0.28,0.11,0.02,0.01,1,0,0,23,50,1.02,4000,1500,0,753
08:10:00,0.25,0.28,0.11,0.02,0.01,1,0,0,23,50,1.02,4000,1500,0,756
08:15:00,0.25,0.28,0.11,0.02,0.01,1,0,0,23,50,1.02,4000,1500,0,758
08:20:00,0.25,0.28,0.11,0.02,0.01,1,0,0,23,50,1.02,4000,1500,0,767
08:25:00,0.25,0.28,0.11,0.02,0.01,1,0,0,23,50,1.02,4000,1500,0,770
08:30:00,0.25,0.28,0.11,0.02,0.01,1,0,0,23,50,1.02,500,1500,0,764
08:35:00,0.25,0.28,0.11,0.02,0.01,1,0,0,23,50,1.02,500,1500,0,763
08:40:00,0.25,0.28,0.11,0.02,0.01,1,0,0,23,50,1.02,500,1500,0,765
08:45:00,0.25,0.28,0.11,0.02,0.01,1,0,0,23,50,1.02,500,1500,0,776
08:50:00,0.25,0.28,0.11,0.02,0.01,1,0,0,23,50,1.02,500,1500,0,789
08:55:00,0.25,0.28,0.11,0.02,0.01,1,0,0,23,50,1.02,500,1500,0,793
09:00:00,0.25,0.21,0.11,0.02,0.01,1,0,0,23,50,0.38,300,500,0,406
09:05:00,0.25,0.21,0.11,0.02,0.01,1,0,0,23,50,0.38,300,500,0,382
09:10:00,0.25,0.21,0.11,0.02,0.01,1,0,0,23,50,0.38,300,500,0,427
09:15:00,0.25,0.21,0.11,0.02,0.01,1,0,0,23,50,0.38,300,500,0,394
09:20:00,0.25,0.21,0.11,0.02,0.01,1,0,0,23,50,0.38,300,500,0,408
09:25:00,0.25,0.21,0.11,0.02,0.01,1,0,0,23,50,0.38,300,500,0,402
09:30:00,0.25,0.21,0.11,0.02,0.01,1,0,0,23,50,0.38,300,500,0,419
09:35:00,0.25,0.21,0.11,0.02,0.01,1,0,0,23,50,0.38,300,500,0,420
09:40:00,0.25,0.21,0.11,0.02,0.01,1,0,0,23,50,0.38,300,500,0,408
09:45:00,0.25,0.21,0.11,0.02,0.01,1,0,0,23,50,0.38,300,500,0,394
09:50:00,0.25,0.21,0.11,0.02,0.01,1,0,0,23,50,0.38,300,500,0,413
09:55:00,0.25,0.21,0.11,0.02,0.01,1,0,0,23,50,0.38,300,500,0,410
10:00:00,0.25,0.21,0.11,0.02,0.01,1,0,0,23,50,0.38,300,500,0,418
10:05:00,0.25,0.21,0.11,0.02,0.01,1,0,0,23,50,0.38,300,500,0,422
10:10:00,0.25,0.21,0.11,0.02,0.01,1,0,0,23,50,0.38,300,500,0,411
10:15:00,0.25,0.21,0.11,0.02,0.01,1,0,0,23,50,0.38,300,500,0,411
10:20:00,0.25,0.21,0.11,0.02,0.01,1,0,0,23,50,0.38,300,500,0,408
10:25:00,0.25,0.21,0.11,0.02,0.01,1,0,0,23,50,0.38,300,500,0,397
10:30:00,0.25,0.21,0.11,0.02,0.01,1,0,0,23,50,0.38,300,500,0,395
10:35:00,0.25,0.21,0.11,0.02,0.01,1,0,0,23,50,0.38,300,500,0,375
10:40:00,0.25,0.21,0.11,0.02,0.01,1,0,0,23,50,0.38,300,500,0,432
10:45:00,0.25,0.21,0.11,0.02,0.01,1,0,0,23,50,0.38,300,500,0,403
10:50:00,0.25,0.21,0.11,0.02,0.01,1,0,0,23,50,0.38,300,500,0,401
10:55:00,0.25,0.21,0.11,0.02,0.01,1,0,0,23,50,0.38,300,500,0,424
11:00:00,0.25,0.21,0.11,0.02,0.01,1,0,0,23,50,0.38,300,500,0,419
11:05:00,0.25,0.21,0.11,0.02,0.01,1,0,0,23,50,0.38,300,500,0,419
11:10:00,0.25,0.21,0.11,0.02,0.01,1,0,0,23,50,0.38,300,500,0,409
11:15:00,0.25,0.21,0.11,0.02,0.01,1,0,0,23,50,0.38,300,500,0,447
11:20:00,0.25,0.21,0.11,0.02,0.01,1,0,0,23,50,0.38,300,500,0,412
11:25:00,0.25,0.21,0.11,0.02,0.01,1,0,0,23,50,0.38,300,500,0,384
11:30:00,0.25,0.21,0.11,0.02,0.01,1,0,0,23,50,0.38,300,500,0,407
11:35:00,0.25,0.21,0.11,0.02,0.01,1,0,0,23,50,0.38,300,500,0,391
11:40:00,0.25,0.21,0.11,0.02,0.01,1,0,0,23,50,0.38,300,500,0,399
11:45:00,0.25,0.21,0.11,0.02,0.01,1,0,0,23,50,0.38,300,500,0,386
11:50:00,0.25,0.21,0.11,0.02,0.01,1,0,0,23,50,0.38,300,500,0,390
11:55:00,0.25,0.21,0.11,0.02,0.01,1,0,0,23,50,0.38,300,500,0,372
12:00:00,0.25,0.21,0.11,0.02,0.01,1,0,0,23,50,0.38,300,500,0,377
12:05:00,0.25,0.21,0.11,0.02,0.01,1,0,0,23,50,0.38,300,500,0,385
12:10:00,0.25,0.21,0.11,0.02,0.01,1,0,0,23,50,0.38,300,500,0,407
12:15:00,0.25,0.21,0.11,0.02,0.01,1,0,0,23,50,0.38,300,500,0,382
12:20:00,0.25,0.21,0.11,0.02,0.01,1,0,0,23,50,0.38,300,500,0,397
12:25:00,0.25,0.21,0.11,0.02,0.01,1,0,0,23,50,0.38,300,500,0,386
12:30:00,0.25,0.21,0.11,0.02,0.01,1,0,0,23,50,0.38,300,500,0,394
12:35:00,0.25,0.21,0.11,0.02,0.01,1,0,0,23,50,0.38,300,500,0,415
12:40:00,0.25,0.21,0.11,0.02,0.01,1,0,0,23,50,0.38,300,500,0,408
12:45:00,0.25,0.21,0.11,0.02,0.01,1,0,0,23,50,0.38,300,500,0,404
12:50:00,0.25,0.21,0.11,0.02,0.01,1,0,0,23,50,0.38,300,500,0,398
12:55:00,0.25,0.21,0.11,0.02,0.01,1,0,0,23,50,0.38,300,500,0,396
13:00:00,0.25,0.21,0.11,0.02,0.01,1,0,0,23,50,0.38,300,500,0,390
13:05:00,0.25,0.21,0.11,0.02,0.01,1,0,0,23,50,0.38,300,500,0,396
13:10:00,0.25,0.21,0.11,0.02,0.01,1,0,0,23,50,0.38,300,500,0,384
13:15:00,0.25,0.21,0.11,0.02,0.01,1,0,0,23,50,0.38,300,500,0,379
13:20:00,0.25,0.21,0.11,0.02,0.01,1,0,0,23,50,0.38,300,500,0,379
13:25:00,0.25,0.21,0.11,0.02,0.01,1,0,0,23,50,0.38,300,500,0,373
13:30:00,0.25,0.21,0.11,0.02,0.01,1,0,0,23,50,0.38,300,500,0,393
13:35:00,0.25,0.21,0.11,0.02,0.01,1,0,0,23,50,0.38,300,500,0,370
13:40:00,0.25,0.21,0.11,0.02,0.01,1,0,0,23,50,0.38,300,500,0,381
13:45:00,0.25,0.21,0.11,0.02,0.01,1,0,0,23,50,0.38,300,500,0,380
13:50:00,0.25,0.21,0.11,0.02,0.01,1,0,0,23,50,0.38,300,500,0,367
13:55:00,0.25,0.21,0.11,0.02,0.01,1,0,0,23,50,0.38,300,500,0,383
14:00:00,0.25,0.21,0.11,0.02,0.01,1,0,0,23,50,0.38,300,500,0,384
14:05:00,0.25,0.21,0.11,0.02,0.01,1,0,0,23,50,0.38,300,500,0,373
14:10:00,0.25,0.21,0.11,0.02,0.01,1,0,0,23,50,0.38,300,500,0,361
14:15:00,0.25,0.21,0.11,0.02,0.01,1,0,0,23,50,0.38,300,500,0,368
14:20:00,0.25,0.21,0.11,0.02,0.01,1,0,0,23,50,0.38,300,500,0,365
14:25:00,0.25,0.21,0.11,0.02,0.01,1,0,0,23,50,0.38,300,500,0,352
14:30:00,0.25,0.21,0.11,0.02,0.01,1,0,0,23,50,0.38,300,500,0,365
14:35:00,0.25,0.21,0.11,0.02,0.01,1,0,0,23,50,0.38,300,500,0,346
14:40:00,0.25,0.21,0.11,0.02,0.01,1,0,0,23,50,0.38,300,500,0,352
14:45:00,0.25,0.21,0.11,0.02,0.01,1,0,0,23,50,0.38,300,500,0,357
14:50:00,0.25,0.21,0.11,0.02,0.01,1,0,0,23,50,0.38,300,500,0,349
14:55:00,0.25,0.21,0.11,0.02,0.01,1,0,0,23,50,0.38,300,500,0,349
15:00:00,0.25,0.21,0.11,0.02,0.01,0,1,1,23,50,0.38,300,500,0,347
15:05:00,0.25,0.21,0.11,0.02,0.01,0,1,1,23,50,0.38,300,500,0,354
15:10:00,0.25,0.21,0.11,0.02,0.01,0,1,1,23,50,0.38,300,500,0,360
15:15:00,0.25,0.21,0.11,0.02,0.01,0,1,1,23,50,0.38,300,500,0,360
15:20:00,0.25,0.21,0.11,0.02,0.01,0,1,1,23,50,0.38,300,500,0,355
15:25:00,0.25,0.21,0.11,0.02,0.01,0,1,1,23,50,0.38,300,500,0,357
15:30:00,0.25,0.21,0.11,0.02,0.01,0,1,1,23,50,0.38,300,500,0,356
15:35:00,0.25,0.21,0.11,0.02,0.01,0,1,1,23,50,0.38,300,500,0,376
15:40:00,0.25,0.21,0.11,0.02,0.01,0,1,1,23,50,0.38,300,500,0,366
15:45:00,0.25,0.21,0.11,0.02,0.01,0,1,1,23,50,0.38,300,500,0,393
15:50:00,0.25,0.21,0.11,0.02,0.01,0,1,1,23,50,0.38,300,500,0,372
15:55:00,0.25,0.21,0.11,0.02,0.01,0,1,1,23,50,0.38,300,500,0,358
16:00:00,0.25,0.21,0.11,0.02,0.01,0,1,1,23,50,0.38,300,500,0,359
16:05:00,0.25,0.21,0.11,0.02,0.01,0,1,1,23,50,0.38,300,2000,0,365
16:10:00,0.25,0.21,0.11,0.02,0.01,0,1,1,23,50,0.38,300,2000,0,371
16:15:00,0.25,0.21,0.11,0.02,0.01,0,1,1,23,50,0.38,300,2000,0,367
16:20:00,0.25,0.21,0.11,0.02,0.01,0,1,1,23,50,0.38,300,2000,0,381
16:25:00,0.25,0.21,0.11,0.02,0.01,0,1,1,23,50,0.38,300,2000,0,373
16:30:00,0.25,0.21,0.11,0.02,0.01,0,1,1,23,50,0.38,300,2000,0,362
16:35:00,0.25,0.21,0.11,0.02,0.01,0,1,1,23,50,0.38,300,2000,0,369
16:40:00,0.25,0.21,0.11,0.02,0.01,0,1,1,23,50,0.38,300,2000,0,366
16:45:00,0.25,0.21,0.11,0.02,0.01,0,1,1,23,50,0.38,300,2000,0,364
16:50:00,0.25,0.21,0.11,0.02,0.01,0,1,1,23,50,0.38,300,2000,0,364
16:55:00,0.25,0.21,0.11,0.02,0.01,0,1,1,23,50,0.38,300,2000,0,361
17:00:00,0.25,0.28,0.11,0.02,0.01,1,0,0,23,50,1.12,450,2000,0,583
17:05:00,0.25,0.28,0.11,0.02,0.01,1,0,0,23,50,1.12,450,2000,0,587
17:10:00,0.25,0.28,0.11,0.02,0.01,1,0,0,23,50,1.12,450,2000,0,601
17:15:00,0.25,0.28,0.11,0.02,0.01,1,0,0,23,50,1.12,450,2000,0,577
17:20:00,0.25,0.28,0.11,0.02,0.01,1,0,0,23,50,1.12,450,2000,0,582
17:25:00,0.25,0.28,0.11,0.02,0.01,1,0,0,23,50,1.12,450,2000,0,582
17:30:00,0.25,0.28,0.11,0.02,0.01,1,0,0,23,50,1.12,450,2000,0,576
17:35:00,0.25,0.28,0.11,0.02,0.01,1,0,0,23,50,1.12,450,2000,0,568
17:40:00,0.25,0.28,0.11,0.02,0.01,1,0,0,23,50,1.12,450,2000,0,585
17:45:00,0.25,0.28,0.11,0.02,0.01,1,0,0,23,50,1.12,450,2000,0,579
17:50:00,0.25,0.28,0.11,0.02,0.01,1,0,0,23,50,1.12,450,2000,0,554
17:55:00,0.25,0.28,0.11,0.02,0.01,1,0,0,23,50,1.12,450,2000,0,571
18:00:00,0.25,0.28,0.11,0.02,0.01,1,0,0,25,10,2.12,2450,3000,0,7520
18:05:00,0.25,0.28,0.11,0.02,0.01,1,0,0,25,10,2.12,2450,3000,0,7503
18:10:00,0.25,0.28,0.11,0.02,0.01,1,0,0,25,10,2.12,2450,3000,0,7518
18:15:00,0.25,0.28,0.11,0.02,0.01,1,0,0,25,10,2.12,2450,3000,0,7501
18:20:00,0.25,0.28,0.11,0.02,0.01,1,0,0,25,10,2.12,2450,3000,0,7510
18:25:00,0.25,0.28,0.11,0.02,0.01,1,0,0,25,10,2.12,2450,3000,0,7501
18:30:00,0.25,0.28,0.11,0.02,0.01,1,0,0,25,10,2.12,5950,3000,0,7505
18:35:00,0.25,0.28,0.11,0.02,0.01,1,0,0,25,10,2.12,5950,3000,0,7503
18:40:00,0.25,0.28,0.11,0.02,0.01,1,0,0,25,10,2.12,5950,3000,0,7503
18:45:00,0.25,0.28,0.11,0.02,0.01,1,0,0,25,10,2.12,5950,3000,0,7503
18:50:00,0.25,0.28,0.11,0.02,0.01,1,0,0,25,10,2.12,5950,3000,0,7511
18:55:00,0.25,0.28,0.11,0.02,0.01,1,0,0,25,10,2.12,5950,3000,0,7514
19:00:00,0.25,0.28,0.11,0.02,0.01,1,0,0,25,10,1.47,550,1500,0,764
19:05:00,0.25,0.28,0.11,0.02,0.01,1,0,0,25,10,1.47,550,1500,0,756
19:10:00,0.25,0.28,0.11,0.02,0.01,1,0,0,25,10,1.47,550,1500,0,763
19:15:00,0.25,0.28,0.11,0.02,0.01,1,0,0,25,10,1.47,550,1500,0,760
19:20:00,0.25,0.28,0.11,0.02,0.01,1,0,0,25,10,1.47,550,1500,0,757
19:25:00,0.25,0.28,0.11,0.02,0.01,1,0,0,25,10,1.47,550,1500,0,755
19:30:00,0.25,0.28,0.11,0.02,0.01,1,0,0,25,10,1.47,2050,1500,0,756
19:35:00,0.25,0.28,0.11,0.02,0.01,1,0,0,25,10,1.47,2050,1500,0,794
19:40:00,0.25,0.28,0.11,0.02,0.01,1,0,0,25,10,1.47,2050,1500,0,796
19:45:00,0.25,0.28,0.11,0.02,0.01,1,0,0,25,10,1.47,2050,1500,0,2511
19:50:00,0.25,0.28,0.11,0.02,0.01,1,0,0,25,10,1.47,2050,1500,0,2505
19:55:00,0.25,0.28,0.11,0.02,0.01,1,0,0,25,10,1.47,2050,1500,0,2506
20:00:00,0.25,0.21,0.11,0.02,0.01,1,0,0,25,10,1.47,2050,1500,0,2498
20:05:00,0.25,0.21,0.11,0.02,0.01,1,0,0,25,10,1.47,2050,1500,0,2500
20:10:00,0.25,0.21,0.11,0.02,0.01,1,0,0,25,10,1.47,2050,1500,0,2507
20:15:00,0.25,0.21,0.11,0.02,0.01,1,0,0,25,10,1.47,2050,1500,0,824
20:20:00,0.25,0.21,0.11,0.02,0.01,1,0,0,25,10,1.47,2050,1500,0,825
20:25:00,0.25,0.21,0.11,0.02,0.01,1,0,0,25,10,1.47,2050,1500,0,839
20:30:00,0.25,0.21,0.11,0.02,0.01,1,0,0,25,10,1.47,550,1500,0,828
20:35:00,0.25,0.21,0.11,0.02,0.01,1,0,0,25,10,1.47,550,1500,0,2501
20:40:00,0.25,0.21,0.11,0.02,0.01,1,0,0,25,10,1.47,550,1500,0,2493
20:45:00,0.25,0.21,0.11,0.02,0.01,1,0,0,25,10,1.47,550,1500,0,2495
20:50:00,0.25,0.21,0.11,0.02,0.01,1,0,0,25,10,1.47,550,1500,0,2499
20:55:00,0.25,0.21,0.11,0.02,0.01,1,0,0,25,10,1.47,550,1500,0,818
21:00:00,0.25,0.21,0.11,0.02,0.01,1,0,0,25,10,1.47,550,1500,0,818
21:05:00,0.25,0.21,0.11,0.02,0.01,1,0,0,25,10,1.47,550,1500,0,813
21:10:00,0.25,0.21,0.11,0.02,0.01,1,0,0,25,10,1.47,550,1500,0,813
21:15:00,0.25,0.21,0.11,0.02,0.01,1,0,0,25,10,1.47,550,1500,0,775
21:20:00,0.25,0.21,0.11,0.02,0.01,1,0,0,25,10,1.47,550,1500,0,774
21:25:00,0.25,0.21,0.11,0.02,0.01,1,0,0,25,10,1.47,550,1500,0,719
21:30:00,0.25,0.21,0.11,0.02,0.01,1,0,0,25,10,1.47,550,1500,0,714
21:35:00,0.25,0.21,0.11,0.02,0.01,1,0,0,25,10,1.47,550,1500,0,770
21:40:00,0.25,0.21,0.11,0.02,0.01,1,0,0,25,10,1.47,550,1500,0,779
21:45:00,0.25,0.21,0.11,0.02,0.01,1,0,0,25,10,1.47,550,1500,0,771
21:50:00,0.25,0.21,0.11,0.02,0.01,1,0,0,25,10,1.47,550,1500,0,779
21:55:00,0.25,0.21,0.11,0.02,0.01,1,0,0,25,10,1.47,550,1500,0,744
22:00:00,0.25,0.16,0.11,0.02,0.01,1,0,0,25,10,0.7,300,400,0,627
22:05:00,0.25,0.16,0.11,0.02,0.01,1,0,0,25,10,0.7,300,400,0,628
22:10:00,0.25,0.16,0.11,0.02,0.01,1,0,0,25,10,0.7,300,400,0,631
22:15:00,0.25,0.16,0.11,0.02,0.01,1,0,0,25,10,0.7,300,400,0,630
22:20:00,0.25,0.16,0.11,0.02,0.01,1,0,0,25,10,0.7,300,400,0,629
22:25:00,0.25,0.16,0.11,0.02,0.01,1,0,0,25,10,0.7,300,400,0,632
22:30:00,0.25,0.16,0.11,0.02,0.01,1,0,0,25,10,0.7,300,400,0,628
22:35:00,0.25,0.16,0.11,0.02,0.01,1,0,0,25,10,0.7,300,400,0,631
22:40:00,0.25,0.16,0.11,0.02,0.01,1,0,0,25,10,0.7,300,400,0,641
22:45:00,0.25,0.16,0.11,0.02,0.01,1,0,0,25,10,0.7,300,400,0,633
22:50:00,0.25,0.16,0.11,0.02,0.01,1,0,0,25,10,0.7,300,400,0,630
22:55:00,0.25,0.16,0.11,0.02,0.01,1,0,0,25,10,0.7,300,400,0,634
23:00:00,0.25,0.16,0.11,0.02,0.01,1,0,0,25,10,0.5,300,400,0,335
23:05:00,0.25,0.16,0.11,0.02,0.01,1,0,0,25,10,0.5,300,400,0,329
23:10:00,0.25,0.16,0.11,0.02,0.01,1,0,0,25,10,0.5,300,400,0,330
23:15:00,0.25,0.16,0.11,0.02,0.01,1,0,0,25,10,0.5,300,400,0,331
23:20:00,0.25,0.16,0.11,0.02,0.01,1,0,0,25,10,0.5,300,400,0,324
23:25:00,0.25,0.16,0.11,0.02,0.01,1,0,0,25,10,0.5,300,400,0,327
23:30:00,0.25,0.16,0.11,0.02,0.01,1,0,0,25,10,0.5,300,400,0,317
23:35:00,0.25,0.16,0.11,0.02,0.01,1,0,0,25,10,0.5,300,400,0,316
23:40:00,0.25,0.16,0.11,0.02,0.01,1,0,0,25,10,0.5,300,400,0,325
23:45:00,0.25,0.16,0.11,0.02,0.01,1,0,0,25,10,0.5,300,400,0,324
23:50:00,0.25,0.16,0.11,0.02,0.01,1,0,0,25,10,0.5,300,400,0,324
23:55:00,0.25,0.16,0.11,0.02,0.01,1,0,0,25,10,0.5,300,400,0,324
