Date,SB_Va,SB_Vb,SB_Vc,IF_Vc,DR_Va,Delta_P
2020-11-16 00:00:00,-0.005554799012941,0.004221525886209,-0.001447230261192,0.001143612940893,-0.145425282169469,200
2020-11-16 00:05:00,-0.0055191424496,0.004193619597885,-0.00143707481709,0.001147678280859,-0.144471852976494,198.606271777004
2020-11-16 00:10:00,-0.00548344655769,0.004165693819232,-0.001426920270546,0.001151588500989,-0.143517652900073,197.212543554007
2020-11-16 00:15:00,-0.005447711269056,0.004137748517593,-0.00141676662318,0.001155343336222,-0.142562680579857,195.818815331011
2020-11-16 00:20:00,-0.005411936517106,0.004109783658947,-0.001406613877293,0.001158942520306,-0.141606934652941,194.425087108015
2020-11-16 00:25:00,-0.005376122233656,0.004081799210383,-0.001396462034251,0.00116238578596,-0.140650413752041,193.031358885017
2020-11-16 00:30:00,-0.00534026835038,0.004053795138674,-0.001386311095672,0.001165672866563,-0.139693116505782,191.63763066202
2020-11-16 00:35:00,-0.005304374799493,0.004025771410198,-0.001376161063575,0.001168803493442,-0.138735041539064,190.243902439024
2020-11-16 00:40:00,-0.005268441512698,0.003997727991333,-0.001366011939524,0.001171777397389,-0.137776187473975,188.850174216028
2020-11-16 00:45:00,-0.005232468421013,0.00396966484854,-0.001355863725138,0.001174594309362,-0.136816552927769,187.456445993032
2020-11-16 00:50:00,-0.005196455456172,0.00394158194797,-0.001345716422435,0.001177253958588,-0.135856136513667,186.062717770035
2020-11-16 00:55:00,-0.005160402549251,0.003913479255743,-0.001335570033177,0.001179756074578,-0.134894936841874,184.668989547039
2020-11-16 01:00:00,-0.005124309630844,0.003885356738124,-0.001325424558701,0.001182100385336,-0.133932952517966,183.275261324043
2020-11-16 01:05:00,-0.005088176632142,0.003857214360522,-0.001315280001648,0.001184286618013,-0.132970182144504,181.881533101045
2020-11-16 01:10:00,-0.005052003483286,0.003829052089174,-0.00130513636293,0.00118631450016,-0.132006624318819,180.487804878048
2020-11-16 01:15:00,-0.00501579011447,0.003800869890057,-0.001294993644365,0.001188183757591,-0.131042277635743,179.094076655052
2020-11-16 01:20:00,-0.004979536456261,0.003772667728526,-0.001284851848226,0.001189894115498,-0.130077140685415,177.700348432056
2020-11-16 01:25:00,-0.004943242438344,0.003744445570277,-0.001274710975849,0.001191445298872,-0.129111212053999,176.306620209059
2020-11-16 01:30:00,-0.004906907990545,0.003716203380577,-0.00126457102931,0.001192837031482,-0.128144490323848,174.912891986063
2020-11-16 01:35:00,-0.004870533042492,0.00368794112498,-0.001254432010143,0.001194069036785,-0.127176974073365,173.519163763067
2020-11-16 01:40:00,-0.004834117523416,0.003659658768697,-0.001244293920394,0.001195141036845,-0.126208661876916,172.125435540071
2020-11-16 01:45:00,-0.004797661362431,0.003631356276912,-0.001234156761512,0.001196052754096,-0.125239552305231,170.731707317073
2020-11-16 01:50:00,-0.004761164488741,0.003603033614837,-0.001224020535545,0.001196803909153,-0.124269643924521,169.337979094076
2020-11-16 01:55:00,-0.004724626830807,0.003574690747342,-0.001213885244169,0.001197394222402,-0.123298935296873,167.94425087108
2020-11-16 02:00:00,-0.004688048317746,0.003546327639043,-0.001203750889545,0.00119782341298,-0.122327424980909,166.550522648084
2020-11-16 02:05:00,-0.004651428877281,0.003517944255293,-0.001193617472751,0.001198091200394,-0.121355111530818,165.156794425087
2020-11-16 02:10:00,-0.004614768437847,0.003489540560338,-0.001183484996062,0.001198197302273,-0.120381993496721,163.763066202091
2020-11-16 02:15:00,-0.004578066927593,0.003461116518963,-0.001173353461354,0.001198141435935,-0.119408069424765,162.369337979094
2020-11-16 02:20:00,-0.004541324274101,0.003432672095471,-0.001163222870304,0.001197923317818,-0.118433337857454,160.975609756098
2020-11-16 02:25:00,-0.004504540405122,0.003404207254391,-0.001153093224758,0.001197542664443,-0.11745779733144,159.581881533101
2020-11-16 02:30:00,-0.004467715247728,0.003375721960055,-0.001142964526281,0.001196999190029,-0.116481446381698,158.188153310105
2020-11-16 02:35:00,-0.004430848729356,0.003347216176337,-0.001132836777145,0.001196292609592,-0.115504283537234,156.794425087108
2020-11-16 02:40:00,-0.004393940776993,0.003318689867626,-0.001122709978944,0.001195422635618,-0.114526307323985,155.400696864112
2020-11-16 02:45:00,-0.004356991317053,0.003290142997884,-0.001112584133352,0.001194388981929,-0.113547516262571,154.006968641115
2020-11-16 02:50:00,-0.004320000276721,0.003261575530672,-0.001102459242645,0.001193191360045,-0.112567908870574,152.613240418119
2020-11-16 02:55:00,-0.004282967581759,0.003232987430067,-0.001092335308357,0.001191829480717,-0.111587483661282,151.219512195122
2020-11-16 03:00:00,-0.004245893158469,0.003204378659717,-0.001082212332221,0.001190303055267,-0.110606239142442,149.825783972125
2020-11-16 03:05:00,-0.004208776933041,0.003175749182958,-0.001072090316427,0.001188611792827,-0.109624173819071,148.432055749129
2020-11-16 03:10:00,-0.004171618830839,0.003147098963638,-0.001061969262423,0.00118675540233,-0.108641286191727,147.038327526133
2020-11-16 03:15:00,-0.004134418777824,0.003118427964552,-0.001051849172597,0.001184733592225,-0.107657574755137,145.644599303136
2020-11-16 03:20:00,-0.004097176698707,0.003089736149548,-0.001041730048087,0.001182546069344,-0.106673038002327,144.250871080139
2020-11-16 03:25:00,-0.004059892519052,0.00306102348128,-0.001031611891449,0.001180192540346,-0.105687674420068,142.857142857143
2020-11-16 03:30:00,-0.004022566163769,0.003032289923169,-0.001021494704048,0.001177672711208,-0.104701482491294,141.463414634147
2020-11-16 03:35:00,-0.003985197557029,0.00300353543804,-0.001011378487959,0.001174986286429,-0.103714460695386,140.06968641115
2020-11-16 03:40:00,-0.00394778662411,0.002974759988462,-0.001001263245314,0.001172132970794,-0.102726607506099,138.675958188153
2020-11-16 03:45:00,-0.003910333288815,0.002945963537201,-0.000991148977789,0.001169112466926,-0.101737921393749,137.282229965157
2020-11-16 03:50:00,-0.003872837474859,0.00291714604748,-0.000981035686863,0.001165924477505,-0.100748400824045,135.888501742161
2020-11-16 03:55:00,-0.003835299106811,0.00288830748093,-0.000970923375093,0.001162568704558,-0.099758044258607,134.494773519164
2020-11-16 04:00:00,-0.003797718107563,0.002859447800574,-0.000960812043871,0.001159044849061,-0.098766850153794,133.101045296167
2020-11-16 04:05:00,-0.003760094401144,0.002830566968299,-0.000950701695473,0.001155352610709,-0.0977748169623,131.707317073171
2020-11-16 04:10:00,-0.003722427910247,0.00280166494656,-0.000940592331489,0.001151491689171,-0.096781943132214,130.313588850175
2020-11-16 04:15:00,-0.003684718558162,0.002772741697356,-0.000930483954107,0.001147461782523,-0.095788227107278,128.919860627178
2020-11-16 04:20:00,-0.003646966267183,0.002743797182717,-0.00092037656475,0.001143262588784,-0.094793667326712,127.526132404181
2020-11-16 04:25:00,-0.003609170960573,0.002714831364131,-0.000910270166116,0.001138893804438,-0.093798262225278,126.132404181185
2020-11-16 04:30:00,-0.003571332559631,0.002685844204223,-0.000900164759116,0.001134355125885,-0.092802010232475,124.738675958189
2020-11-16 04:35:00,-0.003533450987533,0.002656835663402,-0.000890060346705,0.001129646247961,-0.091804909774851,123.344947735191
2020-11-16 04:40:00,-0.003495526165153,0.00262780570435,-0.000879956929992,0.001124766865104,-0.090806959273124,121.951219512195
2020-11-16 04:45:00,-0.003457558014787,0.002598754287646,-0.00086985451145,0.00111971667107,-0.089808157143608,120.557491289199
2020-11-16 04:50:00,-0.003413922799467,0.002565458250416,-0.000858356083199,0.001107981732417,-0.088666318232669,119.163763066203
2020-11-16 04:55:00,-0.003376069989372,0.002536513182918,-0.000848298874217,0.001102850029355,-0.087670845870207,117.770034843205
2020-11-16 05:00:00,-0.003343724751971,0.002511716252059,-0.000839624492073,0.001103964841491,-0.086814898527848,116.376306620209
2020-11-16 05:05:00,-0.003305569940864,0.002482569561892,-0.000829523846818,0.001098209555636,-0.08581236746258,114.982578397213
2020-11-16 05:10:00,-0.00326737174575,0.002453401454517,-0.000819424253621,0.001092282519494,-0.084808984803885,113.588850174217
2020-11-16 05:15:00,-0.00322913008128,0.002424211887188,-0.000809325713988,0.001086183409825,-0.083804748818722,112.195121951219
2020-11-16 05:20:00,-0.003190844862075,0.002395000816875,-0.000799228229823,0.001079911901059,-0.082799657771517,110.801393728223
2020-11-16 05:25:00,-0.003152516002814,0.002365768201031,-0.000789131802406,0.001073467668476,-0.081793709920788,109.407665505227
2020-11-16 05:30:00,-0.003114143417605,0.00233651399617,-0.00077903643367,0.001066850386138,-0.080786903521471,108.01393728223
2020-11-16 05:35:00,-0.003075727020416,0.002307238159517,-0.000768942125205,0.001060059726541,-0.079779236824436,106.620209059233
2020-11-16 05:40:00,-0.00303726672513,0.002277940647872,-0.000758848878291,0.001053095362977,-0.078770708075524,105.226480836237
2020-11-16 05:45:00,-0.002998762445401,0.002248621417635,-0.000748756695117,0.001045956966266,-0.077761315517933,103.832752613241
2020-11-16 05:50:00,-0.002960214094884,0.002219280425294,-0.000738665577131,0.001038644207512,-0.076751057389146,102.439024390244
2020-11-16 05:55:00,-0.002921621586438,0.002189917627618,-0.000728575525812,0.001031156756312,-0.075739931923181,101.045296167247
2020-11-16 06:00:00,-0.002882984833207,0.002160532980895,-0.000718486542922,0.001023494282435,-0.07472793734911,99.6515679442509
2020-11-16 06:05:00,-0.002844303748191,0.002131126441014,-0.00070839863028,0.001015656453632,-0.073715071892735,98.2578397212546
2020-11-16 06:10:00,-0.002805578243482,0.00210169796469,-0.000698311788994,0.001007642937907,-0.072701333774376,96.8641114982584
2020-11-16 06:15:00,-0.002766808232138,0.002072247507357,-0.000688226021566,0.000999453402102,-0.071686721210597,95.4703832752612
2020-11-16 06:20:00,-0.002727993625882,0.002042775025416,-0.00067814132899,0.000991087511892,-0.070671232414298,94.0766550522649
2020-11-16 06:25:00,-0.002689134336777,0.002013280474245,-0.000668057713256,0.000982544932555,-0.069654865593236,92.6829268292686
2020-11-16 06:30:00,-0.002650230276686,0.001983763809903,-0.000657975175869,0.000973825328032,-0.068637618950589,91.2891986062723
2020-11-16 06:35:00,-0.002611281356707,0.001954224988225,-0.000647893718252,0.000964928362976,-0.067619490685871,89.8954703832751
2020-11-16 06:40:00,-0.00257228748896,0.001924663964047,-0.000637813342649,0.000955853699395,-0.066600478993649,88.5017421602788
2020-11-16 06:45:00,-0.002533248584143,0.001895080693004,-0.000627734050425,0.000946600999043,-0.065580582064428,87.1080139372825
2020-11-16 06:50:00,-0.002494164552814,0.001865475130899,-0.000617655843001,0.000937169923588,-0.064559798084929,85.7142857142862
2020-11-16 06:55:00,-0.002455035306184,0.001835847232286,-0.00060757872231,0.000927560132652,-0.063538125236477,84.320557491289
2020-11-16 07:00:00,-0.002415860754468,0.001806196952685,-0.000597502689914,0.000917771285998,-0.062515561696074,82.9268292682928
2020-11-16 07:05:00,-0.00237664080808,0.001776524246537,-0.000587427747746,0.000907803042566,-0.061492105636717,81.5331010452965
2020-11-16 07:10:00,-0.002337375376982,0.001746829069162,-0.000577353897171,0.000897655059845,-0.060467755227194,80.1393728222997
2020-11-16 07:15:00,-0.002298064371047,0.001717111375115,-0.000567281140007,0.000887326994416,-0.059442508630866,78.745644599303
2020-11-16 07:20:00,-0.002258707699781,0.001687371119232,-0.000557209477819,0.000876818503656,-0.05841636400703,77.3519163763067
2020-11-16 07:25:00,-0.002219305272689,0.00165760825567,-0.000547138912367,0.000866129241587,-0.057389319511287,75.95818815331
2020-11-16 07:30:00,-0.002179856998822,0.001627822739238,-0.000537069445329,0.00085525886314,-0.056361373294124,74.5644599303137
2020-11-16 07:35:00,-0.002140362787401,0.001598014523864,-0.000527001078495,0.000844207022425,-0.05533252350088,73.1707317073169
2020-11-16 07:40:00,-0.002100822546652,0.001568183564387,-0.000516933812975,0.000832973371615,-0.054302768273288,71.7770034843206
2020-11-16 07:45:00,-0.002061236185625,0.001538329814224,-0.000506867651183,0.000821557562773,-0.053272105748732,70.3832752613239
2020-11-16 07:50:00,-0.002021603612491,0.001508453227501,-0.000496802594512,0.000809959247135,-0.052240534058882,68.9895470383276
2020-11-16 07:55:00,-0.001981924735134,0.001478553758517,-0.000486738644554,0.00079817807449,-0.051208051332282,67.5958188153309
2020-11-16 08:00:00,-0.001942199461524,0.001448631360461,-0.000476675803156,0.000786213695477,-0.050174655691137,66.2020905923346
2020-11-16 08:05:00,-0.001902427699321,0.001418685987375,-0.000466614071883,0.000774065757156,-0.049140345255239,64.8083623693378
2020-11-16 08:10:00,-0.001862609355811,0.001388717592675,-0.000456553452437,0.000761733908433,-0.048105118137755,63.4146341463415
2020-11-16 08:15:00,-0.001822744338028,0.001358726129894,-0.000446493946242,0.000749217795146,-0.047068972448585,62.0209059233448
2020-11-16 08:20:00,-0.001782832553687,0.001328711551793,-0.000436435555855,0.0007365170637,-0.04603190629274,60.6271777003485
2020-11-16 08:25:00,-0.001742873908682,0.001298673812329,-0.000426378281986,0.000723631359904,-0.044993917769659,59.2334494773518
2020-11-16 08:30:00,-0.001702868309906,0.001268612864294,-0.000416322126796,0.00071056032678,-0.043955004975203,57.8397212543555
2020-11-16 08:35:00,-0.001662815663536,0.00123852866048,-0.000406267092018,0.000697303608291,-0.042915166000938,56.4459930313587
2020-11-16 08:40:00,-0.001622715875669,0.001208421153876,-0.00039621317913,0.000683860846721,-0.041874398932237,55.0522648083625
2020-11-16 08:45:00,-0.0015825688522,0.001178290297162,-0.000386160390178,0.000670231684325,-0.040832701850576,53.6585365853657
2020-11-16 08:50:00,-0.0015423744982,0.001148136043355,-0.000376108726158,0.000656415761142,-0.039790072832972,52.2648083623694
2020-11-16 08:55:00,-0.00150213271985,0.001117958344508,-0.00036605818957,0.000642412717468,-0.038746509951437,50.8710801393727
2020-11-16 09:00:00,-0.001461843421708,0.001087757153186,-0.000356008781665,0.000628222191978,-0.037702011273581,49.4773519163764
2020-11-16 09:05:00,-0.001421506509018,0.001057532421612,-0.000345960504234,0.000613843822919,-0.036656574861468,48.0836236933797
2020-11-16 09:10:00,-0.001381121886368,0.001027284101923,-0.000335913359237,0.000599277247915,-0.035610198773327,46.6898954703834
2020-11-16 09:15:00,-0.001340689457976,0.000997012146485,-0.000325867347811,0.000584522102457,-0.03456288106247,45.2961672473866
2020-11-16 09:20:00,-0.001300209128118,0.000966716507008,-0.000315822472032,0.000569578022862,-0.033514619776213,43.9024390243903
2020-11-16 09:25:00,-0.00125968080124,0.000936397134922,-0.000305778733889,0.000554444642972,-0.032465412958885,42.5087108013936
2020-11-16 09:30:00,-0.001219104380539,0.000906053982533,-0.000295736134746,0.000539121596631,-0.031415258648792,41.1149825783973
2020-11-16 09:35:00,-0.001178479769436,0.000875687001411,-0.000285694675938,0.000523608517028,-0.030364154879663,39.7212543554008
2020-11-16 09:40:00,-0.001137806871782,0.000845296142614,-0.000275654359825,0.000507905035818,-0.029312099680482,38.3275261324043
2020-11-16 09:45:00,-0.001097085590231,0.000814881357655,-0.000265615187828,0.000492010783518,-0.02825909107591,36.9337979094078
2020-11-16 09:50:00,-0.001056315827668,0.000784442597762,-0.000255577161852,0.00047592539039,-0.027205127084983,35.5400696864112
2020-11-16 09:55:00,-0.001015497486549,0.000753979814192,-0.00024554028343,0.000459648485901,-0.026150205721251,34.1463414634147
2020-11-16 10:00:00,-0.000974630469443,0.000723492957803,-0.00023550455424,0.000443179697925,-0.025094324995081,32.7526132404182
2020-11-16 10:05:00,-0.000932909941241,0.000692464032994,-0.000225200650419,0.000426066580218,-0.024016486283273,31.3588850174217
2020-11-16 10:10:00,-0.000892021093165,0.000661973024762,-0.000215180596172,0.000409327298797,-0.022960474263186,29.9651567944252
2020-11-16 10:15:00,-0.000851079343505,0.000631455639706,-0.000205161498201,0.000392386269681,-0.021903411182308,28.5714285714287
2020-11-16 10:20:00,-0.000810084622913,0.00060091185594,-0.000195143367847,0.000375243111762,-0.020845295844453,27.1777003484322
2020-11-16 10:25:00,-0.000769036862209,0.000570341651525,-0.000185126216792,0.000357897443564,-0.01978612705085,25.7839721254356
2020-11-16 10:30:00,-0.000727935991875,0.000539745004232,-0.000175110056688,0.000340348882361,-0.018725903601336,24.3902439024391
2020-11-16 10:35:00,-0.000686781942079,0.00050912189235,-0.000165094898961,0.000322597045738,-0.017664624294952,22.9965156794426
2020-11-16 10:40:00,-0.000645574643613,0.000478472293423,-0.000155080755547,0.000304641549576,-0.016602287928578,21.6027874564461
2020-11-16 10:45:00,-0.000604314026134,0.000447796185824,-0.000145067637646,0.000286482009784,-0.015538893297332,20.2090592334496
2020-11-16 10:50:00,-0.000563000020207,0.000417093547185,-0.00013505555745,0.000268118041646,-0.014474439195539,18.815331010453
2020-11-16 10:55:00,-0.000521632555746,0.000386364355393,-0.000125044526442,0.000249549259394,-0.013408924415273,17.4216027874564
2020-11-16 11:00:00,-0.000480211562945,0.000355608588251,-0.000115034556757,0.000230775276691,-0.012342347747506,16.0278745644599
2020-11-16 11:05:00,-0.000438736971006,0.000324826224045,-0.000105025659309,0.000211795706718,-0.011274707981528,14.6341463414634
2020-11-16 11:10:00,-0.000397208710211,0.000294017240236,-9.50178467178375E-05,0.000192610161832,-0.010206003905012,13.2404181184669
2020-11-16 11:15:00,-0.000355626710046,0.000263181614741,-8.50111305794599E-05,0.00017321825419,-0.009136234304208,11.8466898954704
2020-11-16 11:20:00,-0.000313990899969,0.000232319325505,-7.5005522688798E-05,0.000153619594755,-0.008065397963719,10.4529616724739
2020-11-16 11:25:00,-0.000272301209606,0.000201430350131,-6.50010351819219E-05,0.000133813793639,-0.006993493666783,9.05923344947735
2020-11-16 11:30:00,-0.000230557568358,0.000170514666223,-5.49976799675278E-05,0.000113800460753,-0.005920520195133,7.66550522648083
2020-11-16 11:35:00,-0.000188759905399,0.000139572251868,-4.49954688122034E-05,9.35792055543061E-05,-0.004846476328225,6.27177700348432
2020-11-16 11:40:00,-0.000146908149617,0.000108603084755,-3.49944138804403E-05,7.3149635795744E-05,-0.003771360845036,4.8780487804878
2020-11-16 11:45:00,-0.000105002230271,7.76071427139868E-05,-2.49945268819829E-05,5.25113599110227E-05,-0.002695172521925,3.48432055749126
2020-11-16 11:50:00,-6.30420765901363E-05,4.6584402980443E-05,-1.49958205497569E-05,3.16639846857925E-05,-0.001617910134769,2.09059233449476
2020-11-16 11:55:00,-2.10276167251777E-05,1.55348440102898E-05,-4.998306167181E-06,1.06071168488597E-05,-0.000539572456745,0.69686411149825
2020-11-16 12:00:00,2.10412198953236E-05,-1.5541557246479E-05,4.9980035896624E-06,-1.06596379794155E-05,0.000539841739823,-0.69686411149825
2020-11-16 12:05:00,6.31645050646057E-05,-4.66448228166883E-05,1.49930967268119E-05,-3.21366748039509E-05,0.001620333684116,-2.0905923344948
2020-11-16 12:10:00,0.000105342309837,-7.77749751250667E-05,2.49869610797759E-05,-5.38243888286161E-05,0.002701904607505,-3.48432055749132
2020-11-16 12:15:00,0.000147574706091,-0.000108932036426,3.49795845124845E-05,-7.57231770478484E-05,0.003784555741674,-4.8780487804878
2020-11-16 12:20:00,0.000189861765193,-0.000140116029428,4.49709544625421E-05,-9.78334356602772E-05,0.004868288321546,-6.27177700348432
2020-11-16 12:25:00,0.000232203559193,-0.000171326976186,5.49610590780958E-05,-0.000120155562428,0.005953103582755,-7.66550522648089
2020-11-16 12:30:00,0.00027460015977,-0.000202564899325,6.49498859388586E-05,-0.000142689955851,0.00703900276207,-9.05923344947735
2020-11-16 12:35:00,0.0003170516392,-0.0002338298209,7.49374229087607E-05,-0.000165437014687,0.008125987099163,-10.4529616724739
2020-11-16 12:40:00,0.000359558068965,-0.000265121764102,8.49236569990808E-05,-0.0001883971388,0.009214057833589,-11.8466898954704
2020-11-16 12:45:00,0.000402119521254,-0.000296440751214,9.49085760453272E-05,-0.000211570728197,0.010303216207973,-13.2404181184669
2020-11-16 12:50:00,0.000444736068857,-0.000327786804291,0.000104892167883,-0.000234958184194,0.011393463465765,-14.6341463414634
2020-11-16 12:55:00,0.000487407783965,-0.000359159946072,0.000114874420206,-0.000258559908332,0.012484800852008,-16.0278745644599
2020-11-16 13:00:00,0.000530134738682,-0.000390560199349,0.000124855319939,-0.000282376302607,0.013577229613986,-17.4216027874564
2020-11-16 13:05:00,0.000572917005712,-0.000421987586407,0.00013483485489,-0.000306407770921,0.014670750999528,-18.815331010453
2020-11-16 13:10:00,0.000615754657815,-0.000453442130095,0.000144813012412,-0.00033065471672,0.015765366259046,-20.2090592334496
2020-11-16 13:15:00,0.000658647768006,-0.000484923852383,0.000154789780339,-0.000355117543791,0.016861076643835,-21.6027874564461
2020-11-16 13:20:00,0.000701596409073,-0.00051643277618,0.000164765145854,-0.000379796658194,0.017957883407064,-22.9965156794426
2020-11-16 13:25:00,0.000744600653348,-0.000547968924678,0.000174739095712,-0.00040469246477,0.019055787804263,-24.3902439024391
2020-11-16 13:30:00,0.00078766057436,-0.000579532319904,0.000184711617919,-0.00042980537097,0.020154791090874,-25.7839721254356
2020-11-16 13:35:00,0.00083077624555,-0.000611122984566,0.000194682699544,-0.000455135783454,0.02125489452547,-27.1777003484322
2020-11-16 13:40:00,0.000873947739592,-0.000642740941601,0.000204652327767,-0.000480684110812,0.022356099367357,-28.5714285714287
2020-11-16 13:45:00,0.000917175130695,-0.000674386213092,0.00021462049034,-0.000506450760525,0.023458406878291,-29.9651567944252
2020-11-16 13:50:00,0.000960458491562,-0.000706058822658,0.000224587173591,-0.000532436142237,0.024561818320905,-31.3588850174217
2020-11-16 13:55:00,0.001003797895976,-0.00073775879244,0.000234552365328,-0.000558640666469,0.025666334959425,-32.7526132404182
2020-11-16 14:00:00,0.00104719341806,-0.000769486144947,0.000244516052675,-0.000585064743518,0.026771958060209,-34.1463414634147
2020-11-16 14:05:00,0.001090645130802,-0.00080124090394,0.000254478222075,-0.000611708785044,0.027878688890922,-35.5400696864112
2020-11-16 14:10:00,0.001134153108865,-0.000833023091161,0.000264438861421,-0.00063857320265,0.02898652872122,-36.9337979094078
2020-11-16 14:15:00,0.001177717425833,-0.000864832729775,0.00027439795744,-0.000665658409503,0.030095478821579,-38.3275261324043
2020-11-16 14:20:00,0.001221338155915,-0.000896669842803,0.000284355496888,-0.000692964818967,0.031205540464526,-39.7212543554008
2020-11-16 14:25:00,0.001265015373548,-0.000928534452697,0.000294311467258,-0.00072049284563,0.032316714924861,-41.1149825783973
2020-11-16 14:30:00,0.001271929136948,-0.000946899067401,0.000311445415974,-0.000651692055101,0.032881488071098,-42.5087108013936
2020-11-16 14:35:00,0.001350979172429,-0.000991842446524,0.000314639823188,-0.000769383035134,0.03451692767618,-43.9024390243903
2020-11-16 14:40:00,0.001394735607533,-0.001023759427738,0.000324608411205,-0.000797220051197,0.035629867425769,-45.2961672473866
2020-11-16 14:45:00,0.001438546703241,-0.001055703483161,0.00033457575023,-0.000825271740013,0.036743888577235,-46.6898954703834
2020-11-16 14:50:00,0.001482412571505,-0.001087674669918,0.000344541837904,-0.000853538531317,0.037858993430831,-48.0836236933797
2020-11-16 14:55:00,0.001526333326183,-0.001119673044087,0.000354506673062,-0.000882020855812,0.038975184293179,-49.4773519163764
2020-11-16 15:00:00,0.001570309079881,-0.001151698663108,0.00036447025326,-0.000910719144628,0.040092463476668,-50.8710801393727
2020-11-16 15:05:00,0.001614339946656,-0.001183751583341,0.000374432577388,-0.000939633831166,0.04121083329818,-52.2648083623694
2020-11-16 15:10:00,0.001658426040194,-0.001215831862083,0.00038439364323,-0.000968765349029,0.042330296082611,-53.6585365853657
2020-11-16 15:15:00,0.001702567474524,-0.001247939556777,0.000394353448911,-0.000998114133125,0.043450854158948,-55.0522648083625
2020-11-16 15:20:00,0.0017467643641,-0.001280074724605,0.000404311992952,-0.001027680619444,0.044572509863372,-56.4459930313587
2020-11-16 15:25:00,0.001791016823915,-0.001312237422923,0.000414269273534,-0.001057465245395,0.045695265536722,-57.8397212543555
2020-11-16 15:30:00,0.001835324968795,-0.001344427709739,0.000424225288697,-0.001087468449356,0.046819123527371,-59.2334494773518
2020-11-16 15:35:00,0.001879688914045,-0.00137664564258,0.000434180036734,-0.00111769067027,0.047944086187982,-60.6271777003485
2020-11-16 15:40:00,0.001924108775142,-0.001408891279709,0.000444133515714,-0.001148132349186,0.049070155878013,-62.0209059233448
2020-11-16 15:45:00,0.001968584668276,-0.00144116467888,0.000454085724016,-0.001178793927153,0.050197334963741,-63.4146341463415
2020-11-16 15:50:00,0.002013116709406,-0.001473465898556,0.000464036659821,-0.001209675847235,0.051325625815053,-64.8083623693378
2020-11-16 15:55:00,0.002057705014977,-0.001505794997087,0.000473986321254,-0.001240778553353,0.052455030810904,-66.2020905923346
2020-11-16 16:00:00,0.002102349701744,-0.001538152032964,0.000483934706551,-0.001272102490077,0.053585552334027,-67.5958188153309
2020-11-16 16:05:00,0.002147050886919,-0.001570537064936,0.000493881813924,-0.001303648104283,0.054717192773865,-68.9895470383276
2020-11-16 16:10:00,0.002191808687655,-0.001602950151835,0.000503827641438,-0.00133541584222,0.055849954526508,-70.3832752613239
2020-11-16 16:15:00,0.002236623221819,-0.001635391352551,0.000513772187503,-0.001367406153207,0.056983839993251,-71.7770034843206
2020-11-16 16:20:00,0.002281494607104,-0.001667860726371,0.000523715450129,-0.001399619486449,0.058118851582265,-73.1707317073174
2020-11-16 16:25:00,0.002326422961914,-0.001700358332471,0.000533657427695,-0.001432056292629,0.059254991706979,-74.5644599303137
2020-11-16 16:30:00,0.00237140840477,-0.001732884230108,0.00054359811827,-0.00146471702314,0.060392262788525,-75.9581881533104
2020-11-16 16:35:00,0.002416451054444,-0.001765438479282,0.000553537519949,-0.001497602131622,0.061530667252441,-77.3519163763067
2020-11-16 16:40:00,0.002461551030393,-0.00179802113928,0.000563475631196,-0.001530712072082,0.062670207531511,-78.7456445993034
2020-11-16 16:45:00,0.002506708451676,-0.001830632270128,0.000573412450137,-0.001564047299496,0.063810886064346,-80.1393728222997
2020-11-16 16:50:00,0.002551923438034,-0.001863271932081,0.000583347974668,-0.001597608270458,0.064952705295724,-81.5331010452965
2020-11-16 16:55:00,0.002597196109775,-0.001895940184966,0.000593282203312,-0.001631395442672,0.066095667677729,-82.9268292682928
2020-11-16 17:00:00,0.002642526587266,-0.001928637089179,0.000603215134248,-0.001665409274665,0.067239775666849,-84.320557491289
2020-11-16 17:05:00,0.002687914990673,-0.001961362705657,0.000613146765119,-0.00169965022647,0.068385031727559,-85.7142857142862
2020-11-16 17:10:00,0.002733361441585,-0.001994117094398,0.000623077094957,-0.001734118759657,0.06953143832925,-87.1080139372825
2020-11-16 17:15:00,0.002778866060964,-0.002026900316366,0.000633006121461,-0.001768815336078,0.070678997948875,-88.5017421602788
2020-11-16 17:20:00,0.002824428970399,-0.002059712432811,0.000642933842755,-0.001803740419376,0.0718277130687,-89.8954703832751
2020-11-16 17:25:00,0.002870050291932,-0.00209255350444,0.000652860257247,-0.001838894473877,0.072977586178098,-91.2891986062723
2020-11-16 17:30:00,0.002915730147549,-0.002125423592844,0.000662785362948,-0.001874277966124,0.074128619772495,-92.6829268292686
2020-11-16 17:35:00,0.002961468659947,-0.002158322759044,0.000672709158238,-0.001909891362601,0.07528081635391,-94.0766550522649
2020-11-16 17:40:00,0.003007265951908,-0.002191251064886,0.000682631641297,-0.001945735131613,0.076434178430645,-95.4703832752612
2020-11-16 17:45:00,0.003053122146355,-0.002224208572017,0.000692552809909,-0.001981809743,0.07758870851697,-96.8641114982584
2020-11-16 17:50:00,0.00309903736715,-0.002257195342111,0.000702472662823,-0.002018115666971,0.078744409134657,-98.2578397212546
2020-11-16 17:55:00,0.003145011737757,-0.002290211437554,0.000712391197709,-0.002054653375581,0.079901282811079,-99.6515679442509
2020-11-16 18:00:00,0.003191045382351,-0.002323256920164,0.000722308413174,-0.002091423342478,0.081059332080002,-101.045296167247
2020-11-16 18:05:00,0.003237138425305,-0.002356331852525,0.000732224307143,-0.002128426040912,0.082218559482698,-102.439024390244
2020-11-16 18:10:00,0.003283290990993,-0.002389436297392,0.000742138877598,-0.002165661947004,0.083378967566233,-103.832752613241
2020-11-16 18:15:00,0.003329503205094,-0.002422570316696,0.000752052123232,-0.002203131537243,0.084540558884669,-105.226480836237
2020-11-16 18:20:00,0.003375775192865,-0.002455733973591,0.000761964042084,-0.002240835290451,0.085703335997522,-106.620209059233
2020-11-16 18:25:00,0.003422107079359,-0.002488927331399,0.000771874631994,-0.002278773684566,0.086867301472267,-108.01393728223
2020-11-16 18:30:00,0.003468498991282,-0.002522150452762,0.000781783891398,-0.002316947200512,0.088032457882861,-109.407665505227
2020-11-16 18:35:00,0.003514951054342,-0.002555403401345,0.000791691818279,-0.002355356319612,0.08919880780914,-110.801393728223
2020-11-16 18:40:00,0.003561463395869,-0.002588686240131,0.0008015984113,-0.00239400152563,0.090366353837652,-112.195121951219
2020-11-16 18:45:00,0.003608036142168,-0.002621999033352,0.000811503668018,-0.002432883302163,0.091535098561991,-113.588850174217
2020-11-16 18:50:00,0.003654669420882,-0.002655341844417,0.000821407586841,-0.002472002134482,0.09270504458263,-114.982578397213
2020-11-16 18:55:00,0.003701363359539,-0.002688714737303,0.000831310166035,-0.002511358509366,0.093876194506635,-116.376306620209
2020-11-16 19:00:00,0.003748118086037,-0.002722117776159,0.00084121140361,-0.002550952914959,0.095048550947325,-117.770034843205
2020-11-16 19:05:00,0.003794933728784,-0.002755551025103,0.00085111129809,-0.002590785840141,0.096222116525155,-119.163763066203
2020-11-16 19:10:00,0.003841810416475,-0.002789014548654,0.000861009847284,-0.002630857775529,0.097396893867284,-120.557491289199
2020-11-16 19:15:00,0.003888748277205,-0.002822508411924,0.000870907049091,-0.002671169212476,0.098572885608064,-121.951219512195
2020-11-16 19:20:00,0.003935747441489,-0.002856032678665,0.000880802902458,-0.002711720644328,0.099750094388071,-123.344947735191
2020-11-16 19:25:00,0.003982808038074,-0.002889587414444,0.000890697405083,-0.002752512565024,0.100928522854872,-124.738675958189
2020-11-16 19:30:00,0.004029930197333,-0.002923172684348,0.000900590555148,-0.002793545470411,0.102108173663169,-126.132404181185
2020-11-16 19:35:00,0.004077114049124,-0.002956788553462,0.000910482350889,-0.002834819856957,0.103289049474142,-127.526132404181
2020-11-16 19:40:00,0.004124359724472,-0.002990435087156,0.000920372790517,-0.002876336222869,0.104471152956535,-128.919860627178
2020-11-16 19:45:00,0.00417166735383,-0.003024112351454,0.000930261871844,-0.002918095067855,0.105654486784687,-130.313588850175
2020-11-16 19:50:00,0.004219037068623,-0.003057820411641,0.000940149593475,-0.002960096892053,0.106839053641664,-131.707317073171
2020-11-16 19:55:00,0.004266469000839,-0.003091559333683,0.00095003595348,-0.003002342197959,0.108024856216019,-133.101045296167
2020-11-16 20:00:00,0.004313963282101,-0.003125329183746,0.000959920949981,-0.00304483148804,0.109211897204176,-134.494773519164
2020-11-16 20:05:00,0.004361520044597,-0.00315913002828,0.000969804580961,-0.003087565267805,0.110400179309181,-135.888501742161
2020-11-16 20:10:00,0.004409139421284,-0.003192961933365,0.000979686844914,-0.003130544042932,0.111589705240959,-137.282229965157
2020-11-16 20:15:00,0.004456821544807,-0.003226824966021,0.000989567739651,-0.003173768319982,0.112780477716939,-138.675958188153
2020-11-16 20:20:00,0.00450456654869,-0.003260719192639,0.000999447263666,-0.003217238607846,0.113972499461482,-140.06968641115
2020-11-16 20:25:00,0.00455237456643,-0.003294644680523,0.001009325414827,-0.00326095541709,0.115165773205604,-141.463414634147
2020-11-16 20:30:00,0.004600245732405,-0.003328601496236,0.001019202191685,-0.003304919257772,0.116360301688076,-142.857142857143
2020-11-16 20:35:00,0.004648180180226,-0.003362589707876,0.00102907759171,-0.003349130643045,0.117556087654037,-144.250871080139
2020-11-16 20:40:00,0.004696178045378,-0.003396609382207,0.001038951613793,-0.003393590086517,0.118753133856785,-145.644599303136
2020-11-16 20:45:00,0.00474423946244,-0.003430660587128,0.001048824255776,-0.003438298103731,0.11995144305584,-147.038327526133
2020-11-16 20:50:00,0.004792364567095,-0.003464743390339,0.001058695515866,-0.00348325521054,0.121151018018736,-148.432055749129
2020-11-16 20:55:00,0.004840553494688,-0.003498857860137,0.001068565391961,-0.003528461925782,0.122351861519661,-149.825783972125
2020-11-16 21:00:00,0.004888806381786,-0.003533004064337,0.001078433882611,-0.003573918767472,0.123553976339991,-151.219512195122
2020-11-16 21:05:00,0.004937123364726,-0.003567182071237,0.001088300985828,-0.003619626257318,0.124757365268664,-152.613240418119
2020-11-16 21:10:00,0.00498550458002,-0.003601391949729,0.001098166699762,-0.003665584916803,0.125962031101977,-154.006968641115
2020-11-16 21:15:00,0.005033950165199,-0.003635633768056,0.001108031022568,-0.00371179526897,0.127167976643563,-155.400696864112
2020-11-16 21:20:00,0.005082460257341,-0.003669907595594,0.001117893952113,-0.003758257838484,0.128375204703957,-156.794425087108
2020-11-16 21:25:00,0.005131034995088,-0.003704213500583,0.001127755487346,-0.003804973151858,0.1295837181016,-158.188153310105
2020-11-16 21:30:00,0.005179674515944,-0.003738551552914,0.001137615625566,-0.003851941736485,0.13079351966158,-159.581881533101
2020-11-16 21:35:00,0.005228378958748,-0.003772921821792,0.001147474365382,-0.003899164120611,0.132004612217145,-160.975609756099
2020-11-16 21:40:00,0.005277148462341,-0.003807324376993,0.001157331704718,-0.003946640834897,0.13321699860839,-162.369337979095
2020-11-16 21:45:00,0.005325983166188,-0.003841759287923,0.00116718764184,-0.003994372410773,0.134430681683511,-163.763066202091
2020-11-16 21:50:00,0.005374883210095,-0.003876226624669,0.001177042175073,-0.004042359381202,0.135645664297954,-165.156794425087
2020-11-16 21:55:00,0.005423848734068,-0.003910726457207,0.001186895302396,-0.004090602280286,0.136861949313953,-166.550522648084
2020-11-16 22:00:00,0.005472879878084,-0.003945258856135,0.001196747021822,-0.004139101644427,0.138079539601648,-167.94425087108
2020-11-16 22:05:00,0.005521976783427,-0.003979823891569,0.001206597331816,-0.004187858010368,0.13929843803993,-169.337979094076
2020-11-16 22:10:00,0.005571139590955,-0.004014421634565,0.00121644623016,-0.004236871917044,0.140518647512607,-170.731707317073
2020-11-16 22:15:00,0.005620368442209,-0.004049052155608,0.001226293715348,-0.004286143903784,0.141740170913977,-172.125435540071
2020-11-16 22:20:00,0.005669663479296,-0.004083715525894,0.001236139785391,-0.004335674512333,0.142963011144389,-173.519163763067
2020-11-16 22:25:00,0.005719024844296,-0.004118411816478,0.001245984438441,-0.004385464285889,0.144187171111611,-174.912891986063
2020-11-16 22:30:00,0.005768452679746,-0.004153141099067,0.001255827672651,-0.004435513768271,0.14541265373208,-176.306620209059
2020-11-16 22:35:00,0.005817947128747,-0.004187903445001,0.001265669486145,-0.004485823505206,0.146639461928459,-177.700348432056
2020-11-16 22:40:00,0.005867508334717,-0.004222698926014,0.001275509877104,-0.004536394044351,0.147867598632985,-179.094076655052
2020-11-16 22:45:00,0.005917136441497,-0.004257527614044,0.001285348843851,-0.004587225933847,0.14909706678398,-180.487804878048
2020-11-16 22:50:00,0.0059668315929,-0.004292389581394,0.001295186384283,-0.004638319723455,0.150327869328635,-181.881533101045
2020-11-16 22:55:00,0.006016593933822,-0.004327284900171,0.00130502249678,-0.004689675965295,0.151560009221356,-183.275261324043
2020-11-16 23:00:00,0.006066423608615,-0.004362213643304,0.001314857178954,-0.004741295212142,0.152793489423914,-184.668989547039
2020-11-16 23:05:00,0.006116320762828,-0.004397175883128,0.001324690429584,-0.004793178017962,0.154028312907371,-186.062717770035
2020-11-16 23:10:00,0.006166285542434,-0.004432171692457,0.00133452224668,-0.00484532493897,0.155264482648732,-187.456445993032
2020-11-16 23:15:00,0.006216318092925,-0.004467201144621,0.001344352628138,-0.004897736532513,0.156502001634323,-188.850174216028
2020-11-16 23:20:00,0.00626641856087,-0.004502264312748,0.001354181572339,-0.004950413357108,0.157740872858057,-190.243902439024
2020-11-16 23:25:00,0.006316587093323,-0.004537361270309,0.001364009077463,-0.005003355973628,0.158981099321437,-191.63763066202
2020-11-16 23:30:00,0.006362565506208,-0.004563337922292,0.001367868871967,-0.005090556188236,0.160018790258789,-193.031358885017
2020-11-16 23:35:00,0.006412886132381,-0.004598353799452,0.001377543336559,-0.005145235885379,0.161259242449177,-194.425087108015
2020-11-16 23:40:00,0.006463279000002,-0.004633403153974,0.001387213651469,-0.005200214665905,0.162501088410551,-195.818815331011
2020-11-16 23:45:00,0.006517999523879,-0.004677673787796,0.001402879677755,-0.005221233709392,0.163948791647613,-197.212543554007
2020-11-16 23:50:00,0.006568521668953,-0.00471293650719,0.001412689376821,-0.005275627249773,0.165195878788609,-198.606271777004
2020-11-16 23:55:00,0.006619113240362,-0.004748233544944,0.001422497433367,-0.005330292835168,0.166444345895286,-200
