,t_ext,ghi,t_bed,pv,fixed,tou,fit,ch_cost,dis_cost,mode_0,mode_1,mode_2,set_point,sp_soft,heat_gains,load_sim,load1,heat_gains0,load,cop,cool_cap,t_high,t_low,T_i,T_w,phi_h_cool,p_hvac,p_load,p_ch,p_dis,p_im,p_ex,soc,cost,payment
2020-11-03 00:00:00,13.39294798887926,0.0,19.575,0.0,0.25,0.16,0.11,0.02,0.01,1.0,0.0,0.0,25.0,10.0,0.5,300.0,500.0,0.0,330.5,4.036860966952423,-12.412656454877453,25.5,24.5,24.0,23.0,0.0,-0.0,330.5,0.0,330.5,0.0,0.0,2.7600000000000002,0.0,0.0
2020-11-03 00:20:00,13.311896426685001,0.0,19.525,0.0,0.25,0.16,0.11,0.02,0.01,1.0,0.0,0.0,25.0,10.0,0.5,300.0,500.0,0.0,331.25,4.04255310237738,-12.433905858725868,25.5,24.5,24.02491829272793,22.93032489586342,0.0,-0.0,331.25,0.0,331.25,0.0,0.0,2.6478139850644946,0.0,0.0
2020-11-03 00:40:00,13.206307978983764,0.0,19.46,0.0,0.25,0.16,0.11,0.02,0.01,1.0,0.0,0.0,25.0,10.0,0.5,300.0,500.0,0.0,329.75,4.049968428218798,-12.461588132900342,25.5,24.5,24.043838860384106,22.861323442690008,0.0,-0.0,329.75,0.0,329.75,0.0,0.0,2.5353733876442637,0.0,0.0
2020-11-03 01:00:00,13.029627362039431,0.0,19.405,0.0,0.25,0.16,0.11,0.02,0.01,1.0,0.0,0.0,25.0,10.0,0.5,300.0,500.0,0.0,333.0,4.062376455545918,-12.507908742645517,25.5,24.5,24.05718470373427,22.792737552626797,0.0,-0.0,333.0,0.0,333.0,0.0,0.0,2.423441955193483,0.0,0.0
2020-11-03 01:20:00,12.916158117913866,0.0,19.345,0.0,0.25,0.16,0.11,0.02,0.01,1.0,0.0,0.0,25.0,10.0,0.5,300.0,500.0,0.0,328.5,4.070345238461936,-12.537657136476836,25.5,24.5,24.065335638898933,22.72393987003671,0.0,-0.0,328.5,0.0,328.5,0.0,0.0,2.3104073319755605,0.0,0.0
2020-11-03 01:40:00,12.768095588560813,0.0,19.285,0.0,0.25,0.16,0.11,0.02,0.01,1.0,0.0,0.0,25.0,10.0,0.5,300.0,500.0,0.0,332.75,4.080743458380502,-12.576474901315226,25.5,24.5,24.068607621945983,22.65540347403469,0.0,-0.0,332.75,0.0,332.75,0.0,0.0,2.198900203665988,0.0,0.0
2020-11-03 02:00:00,12.623461501877294,0.0,19.224999999999998,0.0,0.25,0.16,0.11,0.02,0.01,1.0,0.0,0.0,25.0,10.0,0.5,300.0,500.0,0.0,330.25,4.090900903668161,-12.614393826441168,25.5,24.5,24.06732657138117,22.58680460189868,0.0,-0.0,330.25,0.0,330.25,0.0,0.0,2.085950441276307,0.0,0.0
2020-11-03 02:20:00,12.486256957439847,0.0,19.165,0.0,0.25,0.16,0.11,0.02,0.01,1.0,0.0,0.0,25.0,10.0,0.5,300.0,500.0,0.0,328.75,4.1005365828175115,-12.650364937862824,25.5,24.5,24.06177721246084,22.51813516143537,0.0,-0.0,328.75,0.0,328.75,0.0,0.0,1.973849287169043,0.0,0.0
2020-11-03 02:40:00,12.346775408875494,0.0,19.095,0.0,0.25,0.16,0.11,0.02,0.01,1.0,0.0,0.0,25.0,10.0,0.5,300.0,500.0,0.0,336.75,4.1103321727138304,-12.686933014709297,25.5,24.5,24.05222570425578,22.449421885724952,0.0,-0.0,336.75,0.0,336.75,0.0,0.0,1.862257298031229,0.0,0.0
2020-11-03 03:00:00,12.225020125043754,0.0,19.044999999999998,0.0,0.25,0.16,0.11,0.02,0.01,1.0,0.0,0.0,25.0,10.0,0.5,300.0,500.0,0.0,331.0,4.118882872361214,-12.718853771407584,25.5,24.5,24.038923024954027,22.38061465398083,0.0,-0.0,331.0,0.0,331.0,0.0,0.0,1.7479497623896811,0.0,0.0
2020-11-03 03:20:00,12.082875851408946,0.0,18.990000000000002,0.0,0.25,0.16,0.11,0.02,0.01,1.0,0.0,0.0,25.0,10.0,0.5,300.0,500.0,0.0,324.75,4.128865461635339,-12.756119938689672,25.5,24.5,24.022101061465275,22.311828117409483,0.0,-0.0,324.75,0.0,324.75,0.0,0.0,1.635594025797692,0.0,0.0
2020-11-03 03:40:00,11.941524108617699,0.0,18.925,0.0,0.25,0.16,0.11,0.02,0.01,1.0,0.0,0.0,25.0,10.0,0.5,300.0,500.0,0.0,332.5,4.138792392600507,-12.793178327028311,25.5,24.5,24.001984267331345,22.24286840064517,0.0,-0.0,332.5,0.0,332.5,0.0,0.0,1.525359809911745,0.0,0.0
2020-11-03 04:00:00,11.788745365123043,0.0,18.855,0.0,0.25,0.16,0.11,0.02,0.01,1.0,0.0,0.0,25.0,10.0,0.5,300.0,500.0,0.0,333.0,4.149521825500789,-12.833232548465654,25.5,24.5,23.978770571813723,22.173718051103293,0.0,-0.0,333.0,0.0,333.0,0.0,0.0,1.4124949083503058,0.0,0.0
2020-11-03 04:20:00,11.651337415756991,0.0,18.790000000000003,0.0,0.25,0.16,0.11,0.02,0.01,1.0,0.0,0.0,25.0,10.0,0.5,300.0,500.0,0.0,327.5,4.159171789487696,-12.869256986848022,25.5,24.5,23.952644247817936,22.104262582468234,0.0,-0.0,327.5,0.0,327.5,0.0,0.0,1.299460285132383,0.0,0.0
2020-11-03 04:40:00,11.514445637112367,0.0,18.71,0.0,0.25,0.16,0.11,0.02,0.01,1.0,0.0,0.0,25.0,10.0,0.5,300.0,500.0,0.0,338.25,4.1687855035422245,-12.905146100014967,25.5,24.5,23.923770625324003,22.03460778501488,0.0,-0.0,338.25,0.0,338.25,0.0,0.0,1.1882926001357776,0.0,0.0
2020-11-03 05:00:00,11.402043915493788,0.0,18.645000000000003,0.0,0.25,0.16,0.11,0.02,0.01,1.0,0.0,0.0,25.0,10.0,0.5,300.0,500.0,0.0,343.75,4.1766793158776085,-12.934614619945599,25.5,24.5,23.892311259177582,21.96473882468069,0.0,-0.0,343.75,0.0,343.75,0.0,0.0,1.0734758995247797,0.0,0.0
2020-11-03 05:20:00,11.275871303100372,0.0,18.575,0.0,0.25,0.16,0.11,0.02,0.01,1.0,0.0,0.0,25.0,10.0,0.5,300.0,500.0,0.0,350.25,4.18554023819941,-12.967693473983369,25.5,24.5,23.858416520228282,21.894836486821134,0.0,-0.0,350.25,0.0,350.25,0.0,0.0,0.9567922606924647,0.0,0.0
2020-11-03 05:40:00,11.180678167951378,14.75,18.494999999999997,0.0,0.25,0.16,0.11,0.02,0.01,1.0,0.0,0.0,25.0,10.0,0.5,300.0,500.0,0.0,366.5,4.192225516090731,-12.992650394215573,25.5,24.5,23.822238707767337,21.824770120205585,0.0,-0.0,366.5,0.0,366.5,0.0,0.0,0.8379022403258659,0.0,0.0
2020-11-03 06:00:00,11.168775886875588,28.75,18.43,7.75,0.25,0.28,0.11,0.02,0.01,1.0,0.0,0.0,25.0,10.0,0.5,300.0,1500.0,0.0,380.5,4.193061396287424,-12.995770832248473,25.5,24.5,23.785571913778863,21.755474258412306,0.0,-0.0,380.5,0.0,372.75,0.0,0.0,0.7134962661235577,0.0,0.0
2020-11-03 06:20:00,11.279646035969439,44.25,18.395,98.5,0.25,0.28,0.11,0.02,0.01,1.0,0.0,0.0,25.0,10.0,0.5,300.0,1500.0,0.0,391.5,4.185275144102491,-12.96670384687461,25.5,24.5,23.748411603187463,21.687571146020087,0.0,-0.0,391.5,0.0,293.0,0.0,0.0,0.5869687712152074,0.0,0.0
2020-11-03 06:40:00,11.995974304790082,92.47999999999999,18.340000000000003,648.5,0.25,0.28,0.11,0.02,0.01,1.0,0.0,0.0,25.0,10.0,0.5,300.0,1500.0,0.0,393.5,4.134968433109314,-12.778903041311803,25.5,24.5,23.711046161735663,21.6220992397931,0.0,-0.0,393.5,-255.0,0.0,0.0,0.0,0.4875118805159542,0.0,0.0
2020-11-03 07:00:00,13.009713464693814,145.5,18.31,1268.25,0.25,0.28,0.11,0.02,0.01,0.0,1.0,0.0,25.0,10.0,1.32,500.0,1500.0,0.0,3013.0,4.063774980108075,-12.513129597561042,25.5,24.5,23.677325667208205,21.56547112226412,0.0,-0.0,3013.0,0.0,1708.6106415478625,36.13935845213746,0.0,0.5695368805159542,0.0033730067888661625,0.0
2020-11-03 07:20:00,14.351127227612494,209.92,18.275000000000002,1846.5,0.25,0.28,0.11,0.02,0.01,0.0,1.0,0.0,25.0,10.0,1.32,500.0,1500.0,0.0,3013.25,3.969569407843672,-12.161449235031277,25.5,24.5,23.792969478287723,21.520207877730787,0.0,-0.0,3013.25,0.0,0.0,1166.75,0.0,-0.010439576221270008,0.10889666666666667,0.0
2020-11-03 07:40:00,15.814404097555217,281.4,18.25,2499.25,0.25,0.28,0.11,0.02,0.01,0.0,1.0,0.0,25.0,10.0,1.32,500.0,1500.0,0.0,3007.25,3.8668055636631236,-11.777819847642863,25.5,24.5,23.905659739907165,21.490527882725463,0.0,-0.0,3007.25,0.0,0.0,508.0,0.0,-0.010439576221270008,0.047413333333333335,0.0
2020-11-03 08:00:00,16.91593628430496,363.59999999999997,18.224999999999998,3187.25,0.25,0.28,0.11,0.02,0.01,0.0,1.0,0.0,23.0,50.0,1.02,4000.0,1500.0,0.0,756.0,3.7894465318050985,-11.489029580625274,23.5,22.5,24.017366205311273,21.477476276129522,-11.489029580625274,5053.081623836541,5809.081623836541,0.0,0.0,2621.8316238365414,0.0,-0.010439576221270008,0.24470428489141052,0.0
2020-11-03 08:20:00,17.8381813298644,442.0,18.2,3794.75,0.25,0.28,0.11,0.02,0.01,0.0,1.0,0.0,23.0,50.0,1.02,2250.0,1500.0,0.0,766.0,3.724678579748381,-11.247243279538033,23.5,22.5,22.04791235686777,21.47835594888402,0.0,-0.0,766.0,-3000.0,0.0,0.0,-28.75,-0.010439576221270008,0.0,-0.0010541666666666666
2020-11-03 08:40:00,18.556409348556883,536.1600000000001,18.22,4453.0,0.25,0.28,0.11,0.02,0.01,0.0,1.0,0.0,23.0,50.0,1.02,500.0,1500.0,0.0,780.75,3.6742384520356346,-11.058944413837398,23.5,22.5,22.2417153636254,21.4744625307087,0.0,-0.0,780.75,-3000.0,0.0,0.0,-672.25,0.95456042377873,0.0,-0.024649166666666666
2020-11-03 09:00:00,19.119804676283668,635.28,18.275000000000002,5032.75,0.25,0.21,0.11,0.02,0.01,0.0,1.0,0.0,23.0,50.0,0.38,300.0,500.0,0.0,402.25,3.6346720030198507,-10.911238255916796,23.5,22.5,22.4335786513591,21.482481057617722,0.0,-0.0,402.25,-3000.0,0.0,0.0,-1630.5,1.91956042377873,0.0,-0.059785
2020-11-03 09:20:00,19.63970128709235,727.68,18.32,5622.0,0.25,0.21,0.11,0.02,0.01,0.0,1.0,0.0,23.0,50.0,0.38,300.0,500.0,0.0,412.25,3.598160406752201,-10.774936218751641,23.5,22.5,22.511884379105677,21.501184828830958,0.0,-0.0,412.25,-3000.0,0.0,0.0,-2209.75,2.88456042377873,0.0,-0.08102416666666667
2020-11-03 09:40:00,20.21611919246726,775.52,18.34,5774.0,0.25,0.21,0.11,0.02,0.01,0.0,1.0,0.0,23.0,50.0,0.38,300.0,500.0,0.0,406.25,3.5576794007118715,-10.623815913045348,23.5,22.5,22.596808269730303,21.528810735977814,0.0,-0.0,406.25,-3000.0,0.0,0.0,-2367.75,3.8495604237787298,0.0,-0.0868175
2020-11-03 10:00:00,20.672942407500063,826.56,18.38,5975.0,0.25,0.21,0.11,0.02,0.01,0.0,1.0,0.0,23.0,50.0,0.38,300.0,500.0,0.0,415.5,3.5255973589247107,-10.504049918155607,23.5,22.5,22.683482325075765,21.56361201457262,0.0,-0.0,415.5,-3000.0,0.0,0.0,-2559.5,4.81456042377873,0.0,-0.09384833333333333
2020-11-03 10:20:00,21.045862926641092,921.6,18.42,6533.5,0.25,0.21,0.11,0.02,0.01,0.0,1.0,0.0,23.0,50.0,0.38,300.0,500.0,0.0,393.75,3.499407683609035,-10.406280812908804,23.5,22.5,22.77261060986261,21.604670300945447,0.0,-0.0,393.75,-3000.0,0.0,0.0,-3139.75,5.7795604237787295,0.0,-0.11512416666666665
2020-11-03 10:40:00,21.55813189931862,985.4399999999999,18.46,6780.75,0.25,0.21,0.11,0.02,0.01,0.0,1.0,0.0,23.0,50.0,0.38,300.0,500.0,0.0,415.0,3.46343176547071,-10.271978524529118,23.5,22.5,22.869385309202983,21.65331183184413,0.0,-0.0,415.0,-3000.0,0.0,0.0,-3365.75,6.744560423778729,0.0,-0.12341083333333332
2020-11-03 11:00:00,22.172944493928128,1050.4,18.514999999999997,7028.75,0.25,0.21,0.11,0.02,0.01,0.0,1.0,0.0,23.0,50.0,0.38,300.0,500.0,0.0,423.5,3.4202543552549907,-10.110792228296638,23.5,22.5,22.970291659964104,21.70912399009943,0.0,-0.0,423.5,-3000.0,0.0,0.0,-3605.25,7.709560423778729,0.0,-0.1321925
2020-11-03 11:20:00,22.586072807357585,1097.44,18.564999999999998,7214.25,0.25,0.21,0.11,0.02,0.01,0.0,1.0,0.0,23.0,50.0,0.38,300.0,500.0,0.0,398.5,3.391240943986145,-10.002481788181532,23.5,22.5,23.07564837660655,21.772907350947207,0.0,-0.0,398.5,-3000.0,0.0,0.0,-3815.75,8.674560423778729,0.0,-0.13991083333333332
2020-11-03 11:40:00,23.031378323039966,1137.92,18.615000000000002,7337.75,0.25,0.21,0.11,0.02,0.01,0.0,1.0,0.0,23.0,50.0,0.38,300.0,500.0,0.0,386.75,3.3599677737705083,-9.885735404984345,23.5,22.5,23.183662263667507,21.842086299928773,0.0,-0.0,386.75,-3000.0,0.0,0.0,-3951.0,9.639560423778729,0.0,-0.14487
2020-11-03 12:00:00,23.298666312245366,1168.6399999999999,18.695,7407.0,0.25,0.21,0.11,0.02,0.01,0.0,1.0,0.0,23.0,50.0,0.38,300.0,500.0,0.0,387.75,3.341196520128597,-9.815660131014381,23.5,22.5,23.293768792076406,21.91654433559821,0.0,-0.0,387.75,-3000.0,0.0,0.0,-4019.25,10.604560423778729,0.0,-0.1473725
2020-11-03 12:20:00,23.29645472692895,1184.1599999999999,18.744999999999997,7437.0,0.25,0.21,0.11,0.02,0.01,0.0,1.0,0.0,23.0,50.0,0.38,300.0,500.0,0.0,398.0,3.341351836605962,-9.816239945496193,23.5,22.5,23.40507176237506,21.99430894890773,0.0,-0.0,398.0,-3000.0,0.0,0.0,-4039.0,11.569560423778729,0.0,-0.14809666666666665
2020-11-03 12:40:00,23.187812817710576,1190.72,18.81,7452.75,0.25,0.21,0.11,0.02,0.01,0.0,1.0,0.0,23.0,50.0,0.38,300.0,500.0,0.0,401.5,3.3489816026876404,-9.8447227500387,23.5,22.5,23.515994599213798,22.07243373982514,-9.8447227500387,4899.361416884697,5300.861416884697,-2151.888583115303,0.0,0.0,0.0,12.534560423778728,0.0,0.0
2020-11-03 13:00:00,23.152505858313674,1185.12,18.9,7359.0,0.25,0.21,0.11,0.02,0.01,0.0,1.0,0.0,23.0,50.0,0.38,300.0,500.0,0.0,387.25,3.3514611600075717,-9.8539792260223,23.5,22.5,21.88653296685661,22.149623270238937,0.0,-0.0,387.25,-1719.7462459575518,0.0,0.0,-5252.003754042448,13.226751251347483,0.0,-0.19257347098155642
2020-11-03 13:20:00,23.098939299996243,1174.72,18.970000000000002,7241.25,0.25,0.21,0.11,0.02,0.01,0.0,1.0,0.0,23.0,50.0,0.38,300.0,500.0,0.0,378.75,3.35522306287455,-9.868022847140036,23.5,22.5,22.103695027901374,22.211820983057592,0.0,-0.0,378.75,-60.19111860851645,0.0,0.0,-6802.308881391484,13.779936293797162,0.0,-0.2494179923176877
2020-11-03 13:40:00,22.910666508428175,1148.32,18.894999999999996,7089.0,0.25,0.21,0.11,0.02,0.01,0.0,1.0,0.0,23.0,50.0,0.38,300.0,500.0,0.0,377.75,3.3684451920652445,-9.917382593866568,23.5,22.5,22.30986127147675,22.273842763973434,0.0,-0.0,377.75,-2.106689151297303,0.0,0.0,-6709.143310848703,13.799297770282902,0.0,-0.24600192139778573
2020-11-03 14:00:00,22.72348733963452,1103.7866666666666,18.986666666666668,6824.0,0.25,0.21,0.11,0.02,0.01,0.0,1.0,0.0,23.0,50.0,0.38000000000000006,300.0,500.0,0.0,367.3333333333333,3.3815905176908103,-9.966455623948013,23.5,22.5,22.503917347319707,22.333753122701463,0.0,-0.0,367.3333333333333,-0.07373412029743065,0.0,0.0,-6456.592932546369,13.799975421959902,0.0,-0.23674174086003352
2020-11-03 14:20:00,22.621747814344644,1056.0,19.13,6589.25,0.25,0.21,0.11,0.02,0.01,0.0,1.0,0.0,23.0,50.0,0.38,300.0,500.0,0.0,357.0,3.3887355392097396,-9.993128820635437,23.5,22.5,22.68445678870073,22.39063701832585,0.0,-0.0,357.0,-0.002580694212994672,0.0,0.0,-6232.247419305787,13.799999139768596,0.0,-0.2285157387078788
2020-11-03 14:40:00,22.581536062785275,999.04,19.285,6315.25,0.25,0.21,0.11,0.02,0.01,0.0,1.0,0.0,23.0,50.0,0.38,300.0,500.0,0.0,351.75,3.3915595530763945,-10.003671192987117,23.5,22.5,22.851778649323975,22.444971373055825,0.0,-0.0,351.75,-9.032429737487746e-05,0.0,0.0,-5963.499909675703,13.799999969891902,0.0,-0.21866166335477574
2020-11-03 15:00:00,22.387159969580072,935.1999999999999,19.44,5956.5,0.25,0.21,0.11,0.02,0.01,0.0,1.0,0.0,23.0,50.0,0.38,300.0,500.0,0.0,355.25,3.405210308422063,-10.05463105102286,23.5,22.5,23.00552711691313,22.49675345964637,0.0,-0.0,355.25,-3.161348516300677e-06,0.0,0.0,-5601.249996838652,13.799999998946218,0.0,-0.20537916655075056
2020-11-03 15:20:00,22.235732406574062,863.36,19.59,5564.75,0.25,0.21,0.11,0.02,0.01,0.0,1.0,0.0,23.0,50.0,0.38,300.0,500.0,0.0,361.0,3.4158448498468843,-10.094331031541234,23.5,22.5,23.1456268223658,22.544340431887566,0.0,-0.0,361.0,-1.106474911694022e-07,0.0,0.0,-5203.749999889353,13.799999999963118,0.0,-0.1908041666626096
2020-11-03 15:40:00,22.131663454620284,787.68,19.745,5124.5,0.25,0.21,0.11,0.02,0.01,0.0,1.0,0.0,23.0,50.0,0.38,300.0,500.0,0.0,372.25,3.4231534636726675,-10.121614937344889,23.5,22.5,23.271776982980477,22.587657963097037,0.0,-0.0,372.25,-3.874234266731946e-09,0.0,0.0,-4752.249999996126,13.79999999999871,0.0,-0.1742491666665246
2020-11-03 16:00:00,22.03556820222981,704.3199999999999,19.885,4627.0,0.25,0.21,0.11,0.02,0.01,0.0,1.0,0.0,23.0,50.0,0.38,300.0,1625.0,0.0,365.5,3.4299020959691187,-10.14680836694303,23.5,22.5,23.384159275615364,22.626863499679093,0.0,-0.0,365.5,-1.3322676295501878e-10,0.0,0.0,-4261.499999999867,13.799999999999956,0.0,-0.15625499999999512
2020-11-03 16:20:00,21.85429372496032,621.1199999999999,20.025,4115.5,0.25,0.21,0.11,0.02,0.01,0.0,1.0,0.0,23.0,50.0,0.38,300.0,2000.0,0.0,371.25,3.442632743544216,-10.194333355612311,23.5,22.5,23.482521747519115,22.661612456923002,0.0,-0.0,371.25,-5.329070518200751e-12,0.0,0.0,-3744.2499999999945,13.799999999999999,0.0,-0.13728916666666646
2020-11-03 16:40:00,21.621596558601784,535.6,20.150000000000002,3542.75,0.25,0.21,0.11,0.02,0.01,0.0,1.0,0.0,23.0,50.0,0.38,300.0,2000.0,0.0,363.75,3.4589747331130525,-10.255339904141053,23.5,22.5,23.56748876300662,22.69118154852763,-10.255339904141053,4941.4160242175385,5305.1660242175385,0.0,1762.4160242175385,0.0,0.0,13.8,0.0,0.0
2020-11-03 17:00:00,21.405856510655333,445.59999999999997,20.28,2912.75,0.25,0.28,0.11,0.02,0.01,0.0,1.0,0.0,23.0,50.0,1.12,450.0,2000.0,0.0,587.0,3.474125848480263,-10.311900780711243,23.5,22.5,21.827742735051213,22.715019892005387,0.0,-0.0,587.0,-1794.7210022581874,0.0,0.0,-531.0289977418126,13.201759665913938,0.0,-0.01947106325053313
2020-11-03 17:20:00,21.201356261765696,358.12,20.415,2269.75,0.25,0.28,0.11,0.02,0.01,0.0,1.0,0.0,23.0,50.0,1.12,450.0,2000.0,0.0,577.0,3.4884876088165697,-10.36551490310585,23.5,22.5,22.131986558462955,22.718373789744096,0.0,-0.0,577.0,-62.81523507903941,0.0,0.0,-1629.9347649209606,13.779061588306988,0.0,-0.05976427471376854
2020-11-03 17:40:00,20.84691567386012,274.4,20.545,1623.0,0.25,0.28,0.11,0.02,0.01,0.0,1.0,0.0,23.0,50.0,1.12,450.0,2000.0,0.0,572.25,3.513379464961481,-10.458439098380753,23.5,22.5,22.40730873354466,22.7183317378688,0.0,-0.0,572.25,-2.198533227764088,0.0,0.0,-1048.551466772236,13.799267155590746,0.0,-0.03844688711498198
2020-11-03 18:00:00,20.350257091822712,147.73,20.68,954.0,0.25,0.28,0.11,0.02,0.01,1.0,0.0,0.0,25.0,10.0,2.12,2450.0,3000.0,0.0,7510.5,3.5482590876657083,-10.588648788345761,25.5,24.5,22.655750816846076,22.713679141544723,0.0,-0.0,7510.5,0.0,3000.0,3556.5,0.0,13.799974350445677,0.33194,0.0
2020-11-03 18:20:00,19.90349591849934,44.75,20.775,316.75,0.25,0.28,0.11,0.02,0.01,1.0,0.0,0.0,25.0,10.0,2.12,4200.0,3000.0,0.0,7504.75,3.5796344866379615,-10.705776803386197,25.5,24.5,23.050539133511965,22.701084703821273,0.0,-0.0,7504.75,0.0,3000.0,4188.0,0.0,12.781644411545473,0.39088,0.0
2020-11-03 18:40:00,19.479959168492535,37.75,20.849999999999998,81.25,0.25,0.28,0.11,0.02,0.01,1.0,0.0,0.0,25.0,10.0,2.12,5950.0,3000.0,0.0,7507.75,3.609378867538439,-10.81681603818798,25.5,24.5,23.407909462952674,22.683389212501577,0.0,-0.0,7507.75,0.0,3000.0,4426.5,0.0,11.76331447264527,0.41314,0.0
2020-11-03 19:00:00,19.046216583266407,29.75,20.895,10.5,0.25,0.28,0.11,0.02,0.01,1.0,0.0,0.0,25.0,10.0,1.47,550.0,1500.0,0.0,760.75,3.6398399896666054,-10.93053095138898,25.5,24.5,23.740710952105918,22.665112587665156,0.0,-0.0,760.75,0.0,750.25,0.0,0.0,10.744984533745066,0.0,0.0
2020-11-03 19:20:00,18.679543409589385,21.0,20.92,0.0,0.25,0.28,0.11,0.02,0.01,1.0,0.0,0.0,25.0,10.0,1.47,1300.0,1500.0,0.0,765.5,3.6655909228351238,-11.026662181150705,25.5,24.5,23.93553132197069,22.645935303931438,0.0,-0.0,765.5,0.0,765.5,0.0,0.0,10.490317188191774,0.0,0.0
2020-11-03 19:40:00,18.319910673741266,0.0,20.915,0.0,0.25,0.28,0.11,0.02,0.01,1.0,0.0,0.0,25.0,10.0,1.47,2050.0,1500.0,0.0,2079.5,3.6908474161126854,-11.120947609269056,25.5,24.5,24.11579851352951,22.62526233280039,0.0,-0.0,2079.5,0.0,2079.5,0.0,0.0,10.23047333211574,0.0,0.0
2020-11-03 20:00:00,17.889825465723,0.0,20.92,0.0,0.25,0.21,0.11,0.02,0.01,1.0,0.0,0.0,25.0,10.0,1.47,2050.0,1500.0,0.0,2082.25,3.721051685864368,-11.233703662662647,25.5,24.5,24.280962018697036,22.602476068545858,0.0,-0.0,2082.25,0.0,2082.25,0.0,0.0,9.524600962801415,0.0,0.0
2020-11-03 20:20:00,17.441707002691896,0.0,20.905,0.0,0.25,0.21,0.11,0.02,0.01,1.0,0.0,0.0,25.0,10.0,1.47,1300.0,1500.0,0.0,1248.25,3.75252240535381,-11.351187520284743,25.5,24.5,24.43420850764928,22.577914146778767,0.0,-0.0,1248.25,0.0,1248.25,0.0,0.0,8.817795124376431,0.0,0.0
2020-11-03 20:40:00,17.04972717874758,0.0,20.9,0.0,0.25,0.21,0.11,0.02,0.01,1.0,0.0,0.0,25.0,10.0,1.47,550.0,1500.0,0.0,2076.25,3.7800505884182423,-11.453953430699402,25.5,24.5,24.57618099653081,22.55136286482599,0.0,-0.0,2076.25,0.0,2076.25,0.0,0.0,8.394085008965705,0.0,0.0
2020-11-03 21:00:00,16.66872192852167,0.0,20.88,0.0,0.25,0.21,0.11,0.02,0.01,1.0,0.0,0.0,25.0,10.0,1.47,550.0,1500.0,0.0,804.75,3.8068080428483935,-11.553842121444344,25.5,24.5,24.707468180951103,22.523217615459323,0.0,-0.0,804.75,0.0,804.75,0.0,0.0,7.689315830418522,0.0,0.0
2020-11-03 21:20:00,16.355502241640988,0.0,20.865,0.0,0.25,0.21,0.11,0.02,0.01,1.0,0.0,0.0,25.0,10.0,1.47,550.0,1500.0,0.0,744.25,3.828805014001328,-11.635959374210548,25.5,24.5,24.828646500090407,22.493506547057144,0.0,-0.0,744.25,0.0,744.25,0.0,0.0,7.416148824308542,0.0,0.0
2020-11-03 21:40:00,16.112927718836357,0.0,20.846666666666668,0.0,0.25,0.21,0.11,0.02,0.01,1.0,0.0,0.0,25.0,10.0,1.47,550.0,1500.0,0.0,776.3333333333334,3.8458406762028647,-11.69955548338927,25.5,24.5,24.940257628572468,22.462721910293336,0.0,-0.0,776.3333333333334,0.0,776.3333333333334,0.0,0.0,7.16351813863305,0.0,0.0
2020-11-03 22:00:00,15.893798436979367,0.0,20.82,0.0,0.25,0.16,0.11,0.02,0.01,1.0,0.0,0.0,25.0,10.0,0.7,300.0,400.0,0.0,629.0,3.86122981262585,-11.757004920255548,25.5,24.5,25.042840107279428,22.431375519913235,0.0,-0.0,629.0,0.0,629.0,0.0,0.0,6.899996979999875,0.0,0.0
2020-11-03 22:20:00,15.660720763866532,0.0,20.79,0.0,0.25,0.16,0.11,0.02,0.01,1.0,0.0,0.0,25.0,10.0,0.7,300.0,400.0,0.0,630.0,3.87759852464046,-11.818111226783646,25.5,24.5,25.000912411201554,22.39959317485163,0.0,-0.0,630.0,0.0,630.0,0.0,0.0,6.686487136143799,0.0,0.0
2020-11-03 22:40:00,15.491774103736484,0.0,20.75,0.0,0.25,0.16,0.11,0.02,0.01,1.0,0.0,0.0,25.0,10.0,0.7,300.0,400.0,0.0,634.5,3.8894634072290213,-11.862404214022312,25.5,24.5,24.959627984402182,22.36609919248219,0.0,-0.0,634.5,0.0,634.5,0.0,0.0,6.472637848974756,0.0,0.0
2020-11-03 23:00:00,15.390844561817245,0.0,20.71,0.0,0.25,0.16,0.11,0.02,0.01,1.0,0.0,0.0,25.0,10.0,0.5,300.0,400.0,0.0,331.25,3.89655154477295,-11.888865056212339,25.5,24.5,24.918837513263842,22.331445640094746,0.0,-0.0,331.25,0.0,331.25,0.0,0.0,6.257261066897363,0.0,0.0
2020-11-03 23:20:00,15.281773396532618,0.0,20.68,0.0,0.25,0.16,0.11,0.02,0.01,1.0,0.0,0.0,25.0,10.0,0.5,300.0,400.0,0.0,321.0,3.904211456894939,-11.91746039943096,25.5,24.5,24.843106708359294,22.296205896649212,0.0,-0.0,321.0,0.0,321.0,0.0,0.0,6.144820469477132,0.0,0.0
2020-11-03 23:40:00,15.151946621584717,0.0,20.635,0.0,0.25,0.16,0.11,0.02,0.01,1.0,0.0,0.0,25.0,10.0,0.5,300.0,400.0,0.0,324.25,3.913329005832708,-11.951497270485874,25.5,24.5,24.769943252366453,22.260040699178465,0.0,-0.0,324.25,0.0,324.25,0.0,0.0,6.03585916601481,0.0,0.0
2020-11-04 00:00:00,14.979554929992986,0.0,20.595,0.0,0.25,0.16,0.11,0.02,0.01,1.0,0.0,0.0,25.0,10.0,0.5,300.0,500.0,0.0,330.5,3.925435828059351,-11.99669344654432,25.5,24.5,24.699125682979915,22.222817794879877,0.0,-0.0,330.5,0.0,330.5,0.0,0.0,5.925794671785346,0.0,0.0
2020-11-04 00:20:00,14.844840271776738,0.0,20.54,0.0,0.25,0.16,0.11,0.02,0.01,1.0,0.0,0.0,25.0,10.0,0.5,300.0,500.0,0.0,331.25,3.9348966460563664,-12.032011780938387,25.5,24.5,24.630438194251795,22.18422873047166,0.0,-0.0,331.25,0.0,331.25,0.0,0.0,5.813608656849841,0.0,0.0
2020-11-04 00:40:00,14.787377271024244,0.0,20.5,0.0,0.25,0.16,0.11,0.02,0.01,1.0,0.0,0.0,25.0,10.0,0.5,300.0,500.0,0.0,329.75,3.9389321905092123,-12.04707693793567,25.5,24.5,24.56365910589989,22.144617867705975,0.0,-0.0,329.75,0.0,329.75,0.0,0.0,5.70116805942961,0.0,0.0
2020-11-04 01:00:00,14.727363309825005,0.0,20.44,0.0,0.25,0.16,0.11,0.02,0.01,1.0,0.0,0.0,25.0,10.0,0.5,300.0,500.0,0.0,333.0,3.943146885270005,-12.062810883877503,25.5,24.5,24.498602627721155,22.104642559771822,0.0,-0.0,333.0,0.0,333.0,0.0,0.0,5.589236626978829,0.0,0.0
2020-11-04 01:20:00,14.63461485052007,0.0,20.384999999999998,0.0,0.25,0.16,0.11,0.02,0.01,1.0,0.0,0.0,25.0,10.0,0.5,300.0,500.0,0.0,328.5,3.949660477069192,-12.087126879951278,25.5,24.5,24.435136429293344,22.064302001529246,0.0,-0.0,328.5,0.0,328.5,0.0,0.0,5.476202003760907,0.0,0.0
2020-11-04 01:40:00,14.508015371223177,0.0,20.330000000000002,0.0,0.25,0.16,0.11,0.02,0.01,1.0,0.0,0.0,25.0,10.0,0.5,300.0,500.0,0.0,332.75,3.958551377643813,-12.120317646294945,25.5,24.5,24.373136519597484,22.0233499903356,0.0,-0.0,332.75,0.0,332.75,0.0,0.0,5.364694875451335,0.0,0.0
2020-11-04 02:00:00,14.32967303551521,0.0,20.29,0.0,0.25,0.16,0.11,0.02,0.01,1.0,0.0,0.0,25.0,10.0,0.5,300.0,500.0,0.0,330.25,3.9710761051058188,-12.167073911222268,25.5,24.5,24.31247115874688,21.981534267528556,0.0,-0.0,330.25,0.0,330.25,0.0,0.0,5.251745113061654,0.0,0.0
2020-11-04 02:20:00,14.215621585744518,0.0,20.23,0.0,0.25,0.16,0.11,0.02,0.01,1.0,0.0,0.0,25.0,10.0,0.5,300.0,500.0,0.0,328.75,3.979085775492572,-12.196974942739292,25.5,24.5,24.253000965322702,21.93846075559105,0.0,-0.0,328.75,0.0,328.75,0.0,0.0,5.13964395895439,0.0,0.0
2020-11-04 02:40:00,14.23877186605146,0.0,20.18,0.0,0.25,0.16,0.11,0.02,0.01,1.0,0.0,0.0,25.0,10.0,0.5,300.0,500.0,0.0,336.75,3.9774599643784443,-12.19090560067939,25.5,24.5,24.19457040881723,21.894679935774825,0.0,-0.0,336.75,0.0,336.75,0.0,0.0,5.028051969816576,0.0,0.0
2020-11-04 03:00:00,14.242711699885344,0.0,20.115000000000002,0.0,0.25,0.16,0.11,0.02,0.01,1.0,0.0,0.0,25.0,10.0,0.5,300.0,500.0,0.0,331.0,3.9771832754766243,-12.18987268881483,25.5,24.5,24.137068723627813,21.851322339779827,0.0,-0.0,331.0,0.0,331.0,0.0,0.0,4.913744434175028,0.0,0.0
2020-11-04 03:20:00,14.349416537107619,0.0,20.060000000000002,0.0,0.25,0.16,0.11,0.02,0.01,1.0,0.0,0.0,25.0,10.0,0.5,300.0,500.0,0.0,324.75,3.969689547193986,-12.161897729204782,25.5,24.5,24.0804638490107,21.808233123998892,0.0,-0.0,324.75,0.0,324.75,0.0,0.0,4.801388697583039,0.0,0.0
2020-11-04 03:40:00,14.568999739291678,0.0,20.009999999999998,0.0,0.25,0.16,0.11,0.02,0.01,1.0,0.0,0.0,25.0,10.0,0.5,300.0,500.0,0.0,332.5,3.954268532594888,-12.1043292873979,25.5,24.5,24.02471593913479,21.76624709793877,0.0,-0.0,332.5,0.0,332.5,0.0,0.0,4.691154481697092,0.0,0.0
2020-11-04 04:00:00,14.708440079470485,0.0,19.97,0.0,0.25,0.16,0.11,0.02,0.01,1.0,0.0,0.0,25.0,10.0,0.5,300.0,500.0,0.0,333.0,3.9444758367046164,-12.067772014212736,25.5,24.5,23.969840605974934,21.7262671016443,0.0,-0.0,333.0,0.0,333.0,0.0,0.0,4.578289580135653,0.0,0.0
2020-11-04 04:20:00,14.79275079751454,0.0,19.904999999999998,0.0,0.25,0.16,0.11,0.02,0.01,1.0,0.0,0.0,25.0,10.0,0.5,300.0,500.0,0.0,327.5,3.9385548154202654,-12.045668152819244,25.5,24.5,23.91590971649012,21.687618954682907,0.0,-0.0,327.5,0.0,327.5,0.0,0.0,4.465254956917731,0.0,0.0
2020-11-04 04:40:00,14.892954434373834,0.0,19.86,0.0,0.25,0.16,0.11,0.02,0.01,1.0,0.0,0.0,25.0,10.0,0.5,300.0,500.0,0.0,338.25,3.93151765715169,-12.019397622195786,25.5,24.5,23.86294783426201,21.649842458669745,0.0,-0.0,338.25,0.0,338.25,0.0,0.0,4.354087271921125,0.0,0.0
2020-11-04 05:00:00,14.95404230952831,0.0,19.80666666666667,0.0,0.25,0.16,0.11,0.02,0.01,1.0,0.0,0.0,25.0,10.0,0.5,300.0,500.0,0.0,343.0,3.927227542947984,-12.003382126698147,25.5,24.5,23.810948786382223,21.613060000655857,0.0,-0.0,343.0,0.0,343.0,0.0,0.0,4.2392705713101275,0.0,0.0
2020-11-04 05:20:00,15.033261041806163,0.0,19.744999999999997,0.0,0.25,0.16,0.11,0.02,0.01,1.0,0.0,0.0,25.0,10.0,0.5,300.0,500.0,0.0,350.25,3.9216641245497286,-11.982613238487245,25.5,24.5,23.75991455132839,21.576946634470904,0.0,-0.0,350.25,0.0,350.25,0.0,0.0,4.122841514962538,0.0,0.0
2020-11-04 05:40:00,15.15245901619222,17.0,19.705000000000002,0.0,0.25,0.16,0.11,0.02,0.01,1.0,0.0,0.0,25.0,10.0,0.5,300.0,500.0,0.0,366.5,3.913293021091416,-11.951362935259631,25.5,24.5,23.70982637881458,21.541646109066907,0.0,-0.0,366.5,0.0,366.5,0.0,0.0,4.003951494595939,0.0,0.0
2020-11-04 06:00:00,15.190627285888638,30.0,19.68,10.75,0.25,0.28,0.11,0.02,0.01,1.0,0.0,0.0,25.0,10.0,0.5,300.0,1500.0,0.0,380.5,3.910612518036736,-11.941356305467222,25.5,24.5,23.662588734784777,21.508282851828277,0.0,-0.0,380.5,0.0,369.75,0.0,0.0,3.879545520393631,0.0,0.0
2020-11-04 06:20:00,15.26037434959453,53.25,19.655,141.75,0.25,0.28,0.11,0.02,0.01,1.0,0.0,0.0,25.0,10.0,0.5,300.0,1500.0,0.0,391.5,3.905714281391334,-11.923070618136785,25.5,24.5,23.61769361651568,21.476002912413897,0.0,-0.0,391.5,0.0,249.75,0.0,0.0,3.754036355424181,0.0,0.0
2020-11-04 06:40:00,15.574537519014116,108.24,19.64,776.0,0.25,0.28,0.11,0.02,0.01,1.0,0.0,0.0,25.0,10.0,0.5,300.0,1500.0,0.0,393.5,3.883651050807524,-11.840706011205526,25.5,24.5,23.576214557481023,21.445549495567942,0.0,-0.0,393.5,-382.5,0.0,0.0,0.0,3.669260388010739,0.0,0.0
2020-11-04 07:00:00,15.881931145877594,178.2,19.635,1445.0,0.25,0.28,0.11,0.02,0.01,0.0,1.0,0.0,25.0,10.0,1.32,500.0,1500.0,0.0,3013.0,3.862063235526654,-11.760116184916976,25.5,24.5,23.541622293524586,21.42040465527717,0.0,-0.0,3013.0,0.0,1568.0,0.0,0.0,3.792297888010739,0.0,0.0
2020-11-04 07:20:00,16.22418699211145,231.20000000000002,19.65,1949.0,0.25,0.28,0.11,0.02,0.01,0.0,1.0,0.0,25.0,10.0,1.32,500.0,1500.0,0.0,3013.25,3.838027096382574,-11.670386480772919,25.5,24.5,23.660351978880264,21.401193405106348,0.0,-0.0,3013.25,0.0,1064.25,0.0,0.0,3.2600507732788992,0.0,0.0
2020-11-04 07:40:00,16.61096963087222,326.64,19.665,2878.25,0.25,0.28,0.11,0.02,0.01,0.0,1.0,0.0,25.0,10.0,1.32,500.0,1500.0,0.0,3007.25,3.8108639042090315,-11.568983123822383,25.5,24.5,23.77629926170378,21.388538656804453,0.0,-0.0,3007.25,0.0,129.0,0.0,0.0,2.8987982274540522,0.0,0.0
2020-11-04 08:00:00,17.05682650233066,278.20000000000005,19.675,2464.5,0.25,0.28,0.11,0.02,0.01,0.0,1.0,0.0,23.0,50.0,1.02,4000.0,1500.0,0.0,756.0,3.779552013064893,-11.452092190893735,23.5,22.5,23.894831809088842,21.384685069809674,-11.452092190893735,5050.021868247408,5806.021868247408,0.0,3000.0,341.52186824740784,0.0,2.8550100400813436,0.03187537436975806,0.0
2020-11-04 08:20:00,17.488706266211118,376.4,19.709999999999997,3277.75,0.25,0.28,0.11,0.02,0.01,0.0,1.0,0.0,23.0,50.0,1.02,2250.0,1500.0,0.0,766.0,3.7492217142186597,-11.338865656226107,23.5,22.5,21.924179150769287,21.383165213677735,0.0,-0.0,766.0,-2511.75,0.0,0.0,0.0,1.83668010118114,0.0,0.0
2020-11-04 08:40:00,18.08581811262154,487.12,19.745,3762.75,0.25,0.28,0.11,0.02,0.01,0.0,1.0,0.0,23.0,50.0,1.02,500.0,1500.0,0.0,780.75,3.70728740226218,-11.182319990435762,23.5,22.5,22.112410308812287,21.37387093945872,0.0,-0.0,780.75,-2982.0,0.0,0.0,0.0,2.64462635118114,0.0,0.0
2020-11-04 09:00:00,18.636106307722557,498.56,19.79,3916.75,0.25,0.21,0.11,0.02,0.01,0.0,1.0,0.0,23.0,50.0,0.38,300.0,500.0,0.0,402.25,3.6686414484462277,-11.038050148200133,23.5,22.5,22.30057599190299,21.376335920490856,0.0,-0.0,402.25,-3000.0,0.0,0.0,-514.5,3.60383635118114,0.0,-0.018865
2020-11-04 09:20:00,19.30163193666403,657.04,19.845,5199.75,0.25,0.21,0.11,0.02,0.01,0.0,1.0,0.0,23.0,50.0,0.38,300.0,500.0,0.0,412.25,3.6219025342765665,-10.863568343309648,23.5,22.5,22.365200308790367,21.385281451670853,0.0,-0.0,412.25,-3000.0,0.0,0.0,-1787.5,4.56883635118114,0.0,-0.06554166666666666
2020-11-04 09:40:00,20.295150291937276,790.2399999999999,19.895,5904.0,0.25,0.21,0.11,0.02,0.01,0.0,1.0,0.0,23.0,50.0,0.38,300.0,500.0,0.0,406.25,3.5521291594976625,-10.603096216795725,23.5,22.5,22.44412714349386,21.407509344035834,0.0,-0.0,406.25,-3000.0,0.0,0.0,-2497.75,5.53383635118114,0.0,-0.09158416666666666
2020-11-04 10:00:00,21.42989619928581,859.2,19.98,6186.75,0.25,0.21,0.11,0.02,0.01,0.0,1.0,0.0,23.0,50.0,0.38,300.0,500.0,0.0,415.5,3.472437575490157,-10.305598261200576,23.5,22.5,22.534447198624914,21.444376469447022,0.0,-0.0,415.5,-3000.0,0.0,0.0,-2771.25,6.49883635118114,0.0,-0.10161250000000001
2020-11-04 10:20:00,22.368970450699113,932.48,20.060000000000002,6490.5,0.25,0.21,0.11,0.02,0.01,0.0,1.0,0.0,23.0,50.0,0.38,300.0,500.0,0.0,393.75,3.4064877323480456,-10.059399823172907,23.5,22.5,22.62913772834357,21.493834462199434,0.0,-0.0,393.75,-3000.0,0.0,0.0,-3096.75,7.46383635118114,0.0,-0.11354749999999998
2020-11-04 10:40:00,23.16510312932887,1002.24,20.145000000000003,6760.25,0.25,0.21,0.11,0.02,0.01,0.0,1.0,0.0,23.0,50.0,0.38,300.0,500.0,0.0,415.0,3.3505764716602755,-9.850676581484146,23.5,22.5,22.72920605425251,21.554335760579374,0.0,-0.0,415.0,-3000.0,0.0,0.0,-3345.25,8.42883635118114,0.0,-0.12265916666666665
2020-11-04 11:00:00,23.412817471525173,1053.28,20.259999999999998,6954.0,0.25,0.21,0.11,0.02,0.01,0.0,1.0,0.0,23.0,50.0,0.38,300.0,500.0,0.0,423.5,3.3331798472854612,-9.78573295851291,23.5,22.5,22.83461531432168,21.62442102588022,0.0,-0.0,423.5,-3000.0,0.0,0.0,-3530.5,9.39383635118114,0.0,-0.12945166666666666
2020-11-04 11:20:00,23.18959501836563,1103.2,20.36,7175.25,0.25,0.21,0.11,0.02,0.01,0.0,1.0,0.0,23.0,50.0,0.38,300.0,500.0,0.0,398.5,3.348856441281637,-9.844255507946965,23.5,22.5,22.9435280847323,21.698650945504813,0.0,-0.0,398.5,-3000.0,0.0,0.0,-3776.75,10.35883635118114,0.0,-0.1384808333333333
2020-11-04 11:40:00,23.25162344840821,1138.08,20.48,7306.75,0.25,0.21,0.11,0.02,0.01,0.0,1.0,0.0,23.0,50.0,0.38,300.0,500.0,0.0,386.75,3.3445002732517897,-9.827993425830659,23.5,22.5,23.05585899022327,21.773121368352413,0.0,-0.0,386.75,-3000.0,0.0,0.0,-3920.0,11.32383635118114,0.0,-0.14373333333333332
2020-11-04 12:00:00,23.05095976301056,1164.6399999999999,20.6,7430.25,0.25,0.21,0.11,0.02,0.01,0.0,1.0,0.0,23.0,50.0,0.38,300.0,500.0,0.0,387.75,3.3585925972148587,-9.880601710893767,23.5,22.5,23.16971418670744,21.849451878938776,0.0,-0.0,387.75,-3000.0,0.0,0.0,-4042.5,12.28883635118114,0.0,-0.14822500000000002
2020-11-04 12:20:00,23.14093447946404,1177.12,20.73,7434.25,0.25,0.21,0.11,0.02,0.01,0.0,1.0,0.0,23.0,50.0,0.38,300.0,500.0,0.0,398.0,3.3522738014136406,-9.857012910945851,23.5,22.5,23.284178763402164,21.92510356864059,0.0,-0.0,398.0,-1638.490946456585,0.0,0.0,-5397.759053543415,13.253836351181139,0.0,-0.19791783196325852
2020-11-04 12:40:00,23.6029341329093,1177.76,20.875,7371.75,0.25,0.21,0.11,0.02,0.01,0.0,1.0,0.0,23.0,50.0,0.38,300.0,500.0,0.0,401.5,3.3198282257516842,-9.735889801802601,23.5,22.5,23.39758669950928,22.001777313245963,0.0,-0.0,401.5,-57.34718312598197,0.0,0.0,-6912.902816874018,13.78088427229134,0.0,-0.25347310328538064
2020-11-04 13:00:00,24.02380656815993,1180.8000000000002,21.009999999999998,7316.5,0.25,0.21,0.11,0.02,0.01,0.0,1.0,0.0,23.0,50.0,0.38,300.0,500.0,0.0,387.25,3.290270955870369,-9.625549074206607,23.5,22.5,23.5087375078103,22.081898038821183,-9.625549074206607,4875.7631227062975,5263.0131227062975,-2.0071514094084364,0.0,0.0,-2051.479725884294,13.799330949530198,0.0,-0.07522092328242411
2020-11-04 13:20:00,24.063505929831535,1182.88,21.155,7333.5,0.25,0.21,0.11,0.02,0.01,0.0,1.0,0.0,23.0,50.0,0.38,300.0,500.0,0.0,378.75,3.287482926413546,-9.615141035843788,23.5,22.5,21.917936283622847,22.165172566015503,0.0,-0.0,378.75,-0.07025029932705706,0.0,0.0,-6954.679749700673,13.799976583233558,0.0,-0.2550049241556913
2020-11-04 13:40:00,23.98527734504956,1136.3200000000002,21.295,7067.25,0.25,0.21,0.11,0.02,0.01,0.0,1.0,0.0,23.0,50.0,0.38,300.0,500.0,0.0,377.75,3.292976808167663,-9.635650335671201,23.5,22.5,22.13384106090674,22.234641158093616,0.0,-0.0,377.75,-0.002458760475221311,0.0,0.0,-6689.497541239525,13.799999180413176,0.0,-0.24528157651211593
2020-11-04 14:00:00,24.013526600277583,1083.3066666666666,21.459999999999997,6788.666666666667,0.25,0.21,0.11,0.02,0.01,0.0,1.0,0.0,23.0,50.0,0.38000000000000006,300.0,500.0,0.0,367.3333333333333,3.290992903329078,-9.62824418807199,23.5,22.5,22.335221873379204,22.301891250008254,0.0,-0.0,367.3333333333333,-8.605661783178675e-05,0.0,0.0,-6421.333247276716,13.799999971314461,0.0,-0.23544888573347955
2020-11-04 14:20:00,24.062916094341503,1037.1200000000001,21.589999999999996,6546.75,0.25,0.21,0.11,0.02,0.01,0.0,1.0,0.0,23.0,50.0,0.38,300.0,500.0,0.0,357.0,3.287524349717388,-9.615295673856831,23.5,22.5,22.522132796280637,22.367397062422672,0.0,-0.0,357.0,-3.0119799987460283e-06,0.0,0.0,-6189.74999698802,13.799999998996007,0.0,-0.22695749988956074
2020-11-04 14:40:00,24.050814983056952,973.28,21.74,6285.5,0.25,0.21,0.11,0.02,0.01,0.0,1.0,0.0,23.0,50.0,0.38,300.0,500.0,0.0,351.75,3.288374193475601,-9.618468239489607,23.5,22.5,22.696148866866363,22.431564614587913,0.0,-0.0,351.75,-1.0541967299104726e-07,0.0,0.0,-5933.7499998945805,13.79999999996486,0.0,-0.21757083332946794
2020-11-04 15:00:00,23.802118952124516,597.36,21.9,3831.75,0.25,0.21,0.11,0.02,0.01,0.0,1.0,0.0,23.0,50.0,0.38,300.0,500.0,0.0,355.25,3.3058397604479417,-9.683669233199206,23.5,22.5,22.85601640583062,22.492976134969215,0.0,-0.0,355.25,-3.68771679859492e-09,0.0,0.0,-3476.4999999963125,13.799999999998771,0.0,-0.12747166666653145
2020-11-04 15:20:00,23.506187570384576,687.84,22.08,4840.25,0.25,0.21,0.11,0.02,0.01,0.0,1.0,0.0,23.0,50.0,0.38,300.0,500.0,0.0,361.0,3.326622598628421,-9.761253986309082,23.5,22.5,22.967341178218728,22.534844817246643,0.0,-0.0,361.0,-1.2789769243681803e-10,0.0,0.0,-4479.249999999872,13.799999999999958,0.0,-0.16423916666666194
2020-11-04 15:40:00,23.439600475863017,820.16,22.24,5368.75,0.25,0.21,0.11,0.02,0.01,0.0,1.0,0.0,23.0,50.0,0.38,300.0,500.0,0.0,372.25,3.3312989151522494,-9.77871122000422,23.5,22.5,23.08444326230788,22.578832595438055,0.0,-0.0,372.25,-5.329070518200751e-12,0.0,0.0,-4996.4999999999945,13.799999999999999,0.0,-0.1832049999999998
2020-11-04 16:00:00,23.430842806883703,721.9200000000001,22.386666666666667,4776.666666666667,0.25,0.21,0.11,0.02,0.01,0.0,1.0,0.0,23.0,50.0,0.38000000000000006,300.0,1500.0,0.0,363.6666666666667,3.331913953733711,-9.781007230591483,23.5,22.5,23.211798723988693,22.628792925639345,0.0,-0.0,363.6666666666667,0.0,0.0,0.0,-4413.0,13.8,0.0,-0.16181
2020-11-04 16:20:00,23.431719602246726,653.6800000000001,22.529999999999998,4253.25,0.25,0.21,0.11,0.02,0.01,0.0,1.0,0.0,23.0,50.0,0.38,300.0,2000.0,0.0,371.25,3.3318523776479303,-9.780777359898595,23.5,22.5,23.323192536053195,22.674245028596893,0.0,-0.0,371.25,0.0,0.0,0.0,-3882.0,13.8,0.0,-0.14234
2020-11-04 16:40:00,23.366062195743556,419.08,22.66,2707.25,0.25,0.21,0.11,0.02,0.01,0.0,1.0,0.0,23.0,50.0,0.38,300.0,2000.0,0.0,363.75,3.336463403510353,-9.797990855957826,23.5,22.5,23.422726635139213,22.716633543004633,0.0,-0.0,363.75,0.0,0.0,0.0,-2343.5,13.8,0.0,-0.08592833333333333
2020-11-04 17:00:00,23.19141455595283,184.20000000000002,22.78,1249.25,0.25,0.28,0.11,0.02,0.01,0.0,1.0,0.0,23.0,50.0,1.12,450.0,2000.0,0.0,587.0,3.3487286577562276,-9.84377847717839,23.5,22.5,23.492239201657767,22.747483179610835,0.0,-0.0,587.0,0.0,0.0,0.0,-662.25,13.8,0.0,-0.024282500000000002
2020-11-04 17:20:00,22.899087336326136,144.98000000000002,22.869999999999997,992.0,0.25,0.28,0.11,0.02,0.01,0.0,1.0,0.0,23.0,50.0,1.12,450.0,2000.0,0.0,577.0,3.3692583807802965,-9.920418321958234,23.5,22.5,23.663589581788738,22.76584215878071,-9.920418321958234,4907.320445031554,5484.320445031554,0.0,3000.0,1492.3204450315543,0.0,13.8,0.1392832415362784,0.0
2020-11-04 17:40:00,22.6590182381692,130.24,22.965,847.5,0.25,0.28,0.11,0.02,0.01,0.0,1.0,0.0,23.0,50.0,1.12,450.0,2000.0,0.0,572.25,3.3861180905880035,-9.983357580377891,23.5,22.5,22.068411818516598,22.78106441617401,0.0,-0.0,572.25,-275.25,0.0,0.0,0.0,12.781670061099797,0.0,0.0
2020-11-04 18:00:00,22.505041978336017,96.97999999999999,23.025,615.75,0.25,0.28,0.11,0.02,0.01,1.0,0.0,0.0,25.0,10.0,2.12,2450.0,3000.0,0.0,7510.5,3.396931623350003,-10.023725756384444,25.5,24.5,22.32609785521442,22.78048457834722,0.0,-0.0,7510.5,0.0,3000.0,3894.75,0.0,12.870208811099797,0.36351,0.0
2020-11-04 18:20:00,22.3327271737844,63.25,23.089999999999996,341.5,0.25,0.28,0.11,0.02,0.01,1.0,0.0,0.0,25.0,10.0,2.12,4200.0,3000.0,0.0,7504.75,3.4090330459096556,-10.068901774857748,25.5,24.5,22.74031313781847,22.77917618399852,0.0,-0.0,7504.75,0.0,3000.0,4163.25,0.0,11.851878872199594,0.38856999999999997,0.0
2020-11-04 18:40:00,22.08437236489984,40.0,23.14,44.5,0.25,0.28,0.11,0.02,0.01,1.0,0.0,0.0,25.0,10.0,2.12,5950.0,3000.0,0.0,7507.75,3.426474649345035,-10.134013309895597,25.5,24.5,23.124386562369246,22.778247407092415,0.0,-0.0,7507.75,0.0,3000.0,4463.25,0.0,10.83354893329939,0.41657000000000005,0.0
2020-11-04 19:00:00,21.779726584232797,32.5,23.165,13.75,0.25,0.28,0.11,0.02,0.01,1.0,0.0,0.0,25.0,10.0,1.47,550.0,1500.0,0.0,760.75,3.447869487313023,-10.213882729421334,25.5,24.5,23.48143260748893,22.777329602277085,0.0,-0.0,760.75,0.0,747.0,0.0,0.0,9.815218994399187,0.0,0.0
2020-11-04 19:20:00,21.505668907669225,15.5,23.195,0.0,0.25,0.28,0.11,0.02,0.01,1.0,0.0,0.0,25.0,10.0,1.47,1300.0,1500.0,0.0,765.5,3.4671161664271164,-10.285732821996973,25.5,24.5,23.700117203139108,22.7764951260925,0.0,-0.0,765.5,0.0,765.5,0.0,0.0,9.561654839613036,0.0,0.0
2020-11-04 19:40:00,21.18286065354512,0.0,23.205,0.0,0.25,0.28,0.11,0.02,0.01,1.0,0.0,0.0,25.0,10.0,1.47,2050.0,1500.0,0.0,2079.5,3.4897865289596037,-10.370363923135336,25.5,24.5,23.902970207781355,22.774419616347945,0.0,-0.0,2079.5,0.0,2079.5,0.0,0.0,9.301810983537,0.0,0.0
2020-11-04 20:00:00,20.915449876860716,0.0,23.21,0.0,0.25,0.21,0.11,0.02,0.01,1.0,0.0,0.0,25.0,10.0,1.47,2050.0,1500.0,0.0,2082.25,3.508566405790754,-10.440471388474082,25.5,24.5,24.09108552688619,22.770671508813614,0.0,-0.0,2082.25,0.0,2082.25,0.0,0.0,8.595938614222677,0.0,0.0
2020-11-04 20:20:00,20.644666775015885,0.0,23.224999999999998,0.0,0.25,0.21,0.11,0.02,0.01,1.0,0.0,0.0,25.0,10.0,1.47,1300.0,1500.0,0.0,1248.25,3.5275831162003137,-10.511462981117745,25.5,24.5,24.267035683067924,22.766342177918204,0.0,-0.0,1248.25,0.0,1248.25,0.0,0.0,7.889132775797694,0.0,0.0
2020-11-04 20:40:00,20.446735987167287,0.0,23.229999999999997,0.0,0.25,0.21,0.11,0.02,0.01,1.0,0.0,0.0,25.0,10.0,1.47,550.0,1500.0,0.0,2076.25,3.5414835126726523,-10.563354778526282,25.5,24.5,24.431555159779357,22.76131525600151,0.0,-0.0,2076.25,0.0,2076.25,0.0,0.0,7.465422660386968,0.0,0.0
2020-11-04 21:00:00,20.240359412185292,0.0,23.224999999999998,0.0,0.25,0.21,0.11,0.02,0.01,1.0,0.0,0.0,25.0,10.0,1.47,550.0,1500.0,0.0,804.75,3.5559770447099592,-10.617460820012989,25.5,24.5,24.58532449198193,22.756099252624093,0.0,-0.0,804.75,0.0,804.75,0.0,0.0,6.760653481839785,0.0,0.0
2020-11-04 21:20:00,20.07365457475928,0.0,23.229999999999997,0.0,0.25,0.21,0.11,0.02,0.01,1.0,0.0,0.0,25.0,10.0,1.47,550.0,1500.0,0.0,744.25,3.5676844872926203,-10.661166065390734,25.5,24.5,24.729013307310634,22.750541835722256,0.0,-0.0,744.25,0.0,744.25,0.0,0.0,6.487486475729805,0.0,0.0
2020-11-04 21:40:00,19.995813682829343,0.0,23.234999999999996,0.0,0.25,0.21,0.11,0.02,0.01,1.0,0.0,0.0,25.0,10.0,1.47,550.0,1500.0,0.0,768.25,3.573151141931586,-10.68157372322928,25.5,24.5,24.863239116778622,22.74488807729342,0.0,-0.0,768.25,0.0,768.25,0.0,0.0,6.234855790054313,0.0,0.0
2020-11-04 22:00:00,19.953972343850612,0.0,23.229999999999997,0.0,0.25,0.16,0.11,0.02,0.01,1.0,0.0,0.0,25.0,10.0,0.7,300.0,400.0,0.0,629.0,3.57608959939472,-10.692543326842674,25.5,24.5,24.98859581678221,22.739782297128187,0.0,-0.0,629.0,0.0,629.0,0.0,0.0,5.9740784648676195,0.0,0.0
2020-11-04 22:20:00,20.00223468716928,0.0,23.22,0.0,0.25,0.16,0.11,0.02,0.01,1.0,0.0,0.0,25.0,10.0,0.7,300.0,400.0,0.0,630.0,3.5727002039696556,-10.679890319348615,25.5,24.5,24.96966212951693,22.735435247478044,0.0,-0.0,630.0,0.0,630.0,0.0,0.0,5.760568621011544,0.0,0.0
2020-11-04 22:40:00,20.067888274155877,0.0,23.224999999999998,0.0,0.25,0.16,0.11,0.02,0.01,1.0,0.0,0.0,25.0,10.0,0.7,300.0,400.0,0.0,634.5,3.568089446346425,-10.6626778246575,25.5,24.5,24.951653312750402,22.731395996530107,0.0,-0.0,634.5,0.0,634.5,0.0,0.0,5.546719333842501,0.0,0.0
2020-11-04 23:00:00,20.078519609671822,0.0,23.21,0.0,0.25,0.16,0.11,0.02,0.01,1.0,0.0,0.0,25.0,10.0,0.5,300.0,400.0,0.0,331.25,3.5673428228407618,-10.659890592237662,25.5,24.5,24.934530240844815,22.727807832061313,0.0,-0.0,331.25,0.0,331.25,0.0,0.0,5.331342551765108,0.0,0.0
2020-11-04 23:20:00,20.185742607590846,0.0,23.215,0.0,0.25,0.16,0.11,0.02,0.01,1.0,0.0,0.0,25.0,10.0,0.5,300.0,400.0,0.0,321.0,3.5598127048726207,-10.631779785697521,25.5,24.5,24.88293590705005,22.724225209450175,0.0,-0.0,321.0,0.0,321.0,0.0,0.0,5.218901954344877,0.0,0.0
2020-11-04 23:40:00,20.321191544450123,0.0,23.205000000000002,0.0,0.25,0.16,0.11,0.02,0.01,1.0,0.0,0.0,25.0,10.0,0.5,300.0,400.0,0.0,324.25,3.550300319535475,-10.596268944422642,25.5,24.5,24.834385771407046,22.72115091096293,0.0,-0.0,324.25,0.0,0.0,0.0,0.0,5.109940650882555,0.0,0.0
