Time,load,pv,fixed,tou,fit,ch_cost,dis_cost,mode_0,mode_1,p_load,p_ch,p_dis,p_im,p_ex,soc
2020-11-28 00:00:00,21516.525,0.0,0.25,0.16,0.11,0.02,0.01,1,0,21516.525,0.0,7500.0,14016.525000000001,0.0,2.66
2020-11-28 00:20:00,20980.725,0.0,0.25,0.16,0.11,0.02,0.01,1,0,20980.725,0.0,85.26315789473671,20895.461842105262,0.0,0.028421052631578902
2020-11-28 00:40:00,20486.5,0.0,0.25,0.16,0.11,0.02,0.01,1,0,20486.5,0.0,0.0,20486.5,0.0,-0.0014958448753462604
2020-11-28 01:00:00,20411.700000000004,0.0,0.25,0.16,0.11,0.02,0.01,1,0,20411.700000000004,0.0,0.0,20411.700000000004,0.0,-0.0014958448753462604
2020-11-28 01:20:00,20345.574999999997,0.0,0.25,0.16,0.11,0.02,0.01,1,0,20345.574999999997,0.0,0.0,20345.574999999997,0.0,-0.0014958448753462604
2020-11-28 01:40:00,20414.45,0.0,0.25,0.16,0.11,0.02,0.01,1,0,20414.45,0.0,0.0,20414.45,0.0,-0.0014958448753462604
2020-11-28 02:00:00,19652.225,0.0,0.25,0.16,0.11,0.02,0.01,1,0,19652.225,0.0,0.0,19652.225,0.0,-0.0014958448753462604
2020-11-28 02:20:00,20427.7,0.0,0.25,0.16,0.11,0.02,0.01,1,0,20427.7,0.0,0.0,20427.7,0.0,-0.0014958448753462604
2020-11-28 02:40:00,19506.975,0.0,0.25,0.16,0.11,0.02,0.01,1,0,19506.975,0.0,0.0,19506.975,0.0,-0.0014958448753462604
2020-11-28 03:00:00,20301.3,0.0,0.25,0.16,0.11,0.02,0.01,1,0,20301.3,0.0,0.0,20301.3,0.0,-0.0014958448753462604
2020-11-28 03:20:00,20073.25,0.0,0.25,0.16,0.11,0.02,0.01,1,0,20073.25,0.0,0.0,20073.25,0.0,-0.0014958448753462604
2020-11-28 03:40:00,18303.25,0.0,0.25,0.16,0.11,0.02,0.01,1,0,18303.25,0.0,0.0,18303.25,0.0,-0.0014958448753462604
2020-11-28 04:00:00,20486.175000000003,0.0,0.25,0.16,0.11,0.02,0.01,1,0,20486.175000000003,0.0,0.0,20486.175000000003,0.0,-0.0014958448753462604
2020-11-28 04:20:00,18589.25,0.0,0.25,0.16,0.11,0.02,0.01,1,0,18589.25,0.0,0.0,18589.25,0.0,-0.0014958448753462604
2020-11-28 04:40:00,18211.875,185.35,0.25,0.16,0.11,0.02,0.01,1,0,18211.875,0.0,0.0,18026.525,0.0,-0.0014958448753462604
2020-11-28 05:00:00,19998.850000000006,733.35,0.25,0.16,0.11,0.02,0.01,1,0,19998.850000000006,0.0,0.0,19265.500000000007,0.0,-0.0014958448753462604
2020-11-28 05:20:00,18029.1,1906.5,0.25,0.16,0.11,0.02,0.01,1,0,18029.1,0.0,0.0,16122.599999999999,0.0,-0.0014958448753462604
2020-11-28 05:40:00,18414.225,4038.0,0.25,0.16,0.11,0.02,0.01,1,0,18414.225,0.0,0.0,14376.224999999999,0.0,-0.0014958448753462604
2020-11-28 06:00:00,17692.1,6658.5,0.25,0.28,0.11,0.02,0.01,1,0,17692.1,0.0,0.0,11033.599999999999,0.0,-0.0014958448753462604
2020-11-28 06:20:00,17745.95,8807.75,0.25,0.28,0.11,0.02,0.01,1,0,17745.95,0.0,0.0,8938.2,0.0,-0.0014958448753462604
2020-11-28 06:40:00,17404.25,12380.0,0.25,0.28,0.11,0.02,0.01,1,0,17404.25,0.0,0.0,5024.25,0.0,-0.0014958448753462604
2020-11-28 07:00:00,18149.25,15960.0,0.25,0.28,0.11,0.02,0.01,1,0,18149.25,0.0,0.0,2189.25,0.0,-0.0014958448753462604
2020-11-28 07:20:00,17254.2,13005.25,0.25,0.28,0.11,0.02,0.01,1,0,17254.2,0.0,0.0,4248.950000000001,0.0,-0.0014958448753462604
2020-11-28 07:40:00,30675.25,19975.0,0.25,0.28,0.11,0.02,0.01,1,0,30675.25,0.0,0.0,10700.25,0.0,-0.0014958448753462604
2020-11-28 08:00:00,28369.9,21845.0,0.25,0.28,0.11,0.02,0.01,1,0,28369.9,0.0,0.0,6524.9000000000015,0.0,-0.0014958448753462604
2020-11-28 08:20:00,20328.525,18735.0,0.25,0.28,0.11,0.02,0.01,1,0,20328.525,0.0,0.0,1593.5250000000015,0.0,-0.0014958448753462604
2020-11-28 08:40:00,21058.45,21035.0,0.25,0.28,0.11,0.02,0.01,1,0,21058.45,0.0,0.0,23.450000000000728,0.0,-0.0014958448753462604
2020-11-28 09:00:00,29520.325,21917.5,0.25,0.21,0.11,0.02,0.01,1,0,29520.325,0.0,0.0,7602.825000000001,0.0,-0.0014958448753462604
2020-11-28 09:20:00,29516.575,26572.5,0.25,0.21,0.11,0.02,0.01,1,0,29516.575,0.0,0.0,2944.0750000000007,0.0,-0.0014958448753462604
2020-11-28 09:40:00,29152.175000000003,25825.0,0.25,0.21,0.11,0.02,0.01,1,0,29152.175000000003,0.0,0.0,3327.175000000003,0.0,-0.0014958448753462604
2020-11-28 10:00:00,28577.3,23317.5,0.25,0.21,0.11,0.02,0.01,1,0,28577.3,0.0,0.0,5259.799999999999,0.0,-0.0014958448753462604
2020-11-28 10:20:00,31232.55,24717.5,0.25,0.21,0.11,0.02,0.01,1,0,31232.55,0.0,0.0,6515.049999999999,0.0,-0.0014958448753462604
2020-11-28 10:40:00,32072.1,29077.5,0.25,0.21,0.11,0.02,0.01,1,0,32072.1,0.0,0.0,2994.5999999999985,0.0,-0.0014958448753462604
2020-11-28 11:00:00,30948.25,28552.5,0.25,0.21,0.11,0.02,0.01,1,0,30948.25,0.0,0.0,2395.75,0.0,-0.0014958448753462604
2020-11-28 11:20:00,34612.25,28065.0,0.25,0.21,0.11,0.02,0.01,1,0,34612.25,0.0,0.0,6547.25,0.0,-0.0014958448753462604
2020-11-28 11:40:00,34898.75,28045.0,0.25,0.21,0.11,0.02,0.01,1,0,34898.75,0.0,0.0,6853.75,0.0,-0.0014958448753462604
2020-11-28 12:00:00,34626.25,28475.0,0.25,0.21,0.11,0.02,0.01,1,0,34626.25,0.0,0.0,6151.25,0.0,-0.0014958448753462604
2020-11-28 12:20:00,32203.25,28080.0,0.25,0.21,0.11,0.02,0.01,1,0,32203.25,0.0,0.0,4123.25,0.0,-0.0014958448753462604
2020-11-28 12:40:00,36394.25,27620.0,0.25,0.21,0.11,0.02,0.01,1,0,36394.25,0.0,0.0,8774.25,0.0,-0.0014958448753462604
2020-11-28 13:00:00,34451.5,26677.5,0.25,0.21,0.11,0.02,0.01,1,0,34451.5,0.0,0.0,7774.0,0.0,-0.0014958448753462604
2020-11-28 13:20:00,42086.5,24802.5,0.25,0.21,0.11,0.02,0.01,1,0,42086.5,0.0,0.0,17284.0,0.0,-0.0014958448753462604
2020-11-28 13:40:00,49579.5,21967.5,0.25,0.21,0.11,0.02,0.01,1,0,49579.5,0.0,0.0,27612.0,0.0,-0.0014958448753462604
2020-11-28 14:00:00,52045.8,21660.0,0.25,0.21,0.11,0.02,0.01,1,0,52045.8,0.0,0.0,30385.800000000003,0.0,-0.0014958448753462604
2020-11-28 14:20:00,49889.25,11997.5,0.25,0.21,0.11,0.02,0.01,1,0,49889.25,0.0,0.0,37891.75,0.0,-0.0014958448753462604
2020-11-28 14:40:00,40445.45,10193.0,0.25,0.21,0.11,0.02,0.01,1,0,40445.45,0.0,0.0,30252.449999999997,0.0,-0.0014958448753462604
2020-11-28 15:00:00,35927.75,7256.25,0.25,0.21,0.11,0.02,0.01,1,0,35927.75,0.0,0.0,28671.5,0.0,-0.0014958448753462604
2020-11-28 15:20:00,36337.899999999994,9039.25,0.25,0.21,0.11,0.02,0.01,1,0,36337.899999999994,0.0,0.0,27298.649999999994,0.0,-0.0014958448753462604
2020-11-28 15:40:00,37621.825,8522.25,0.25,0.21,0.11,0.02,0.01,1,0,37621.825,0.0,0.0,29099.574999999997,0.0,-0.0014958448753462604
2020-11-28 16:00:00,36909.25,7022.25,0.25,0.21,0.11,0.02,0.01,1,0,36909.25,0.0,0.0,29887.0,0.0,-0.0014958448753462604
2020-11-28 16:20:00,49992.399999999994,5155.5,0.25,0.21,0.11,0.02,0.01,1,0,49992.399999999994,0.0,0.0,44836.899999999994,0.0,-0.0014958448753462604
2020-11-28 16:40:00,45501.9,3412.75,0.25,0.21,0.11,0.02,0.01,1,0,45501.9,0.0,0.0,42089.15,0.0,-0.0014958448753462604
2020-11-28 17:00:00,39096.5,2751.25,0.25,0.28,0.11,0.02,0.01,1,0,39096.5,0.0,0.0,36345.25,0.0,-0.0014958448753462604
2020-11-28 17:20:00,40152.59999999999,1956.75,0.25,0.28,0.11,0.02,0.01,1,0,40152.59999999999,0.0,0.0,38195.84999999999,0.0,-0.0014958448753462604
2020-11-28 17:40:00,42012.325,1022.25,0.25,0.28,0.11,0.02,0.01,1,0,42012.325,0.0,0.0,40990.075,0.0,-0.0014958448753462604
2020-11-28 18:00:00,42034.3,450.04999999999995,0.25,0.28,0.11,0.02,0.01,1,0,42034.3,0.0,0.0,41584.25,0.0,-0.0014958448753462604
2020-11-28 18:20:00,40832.25,96.75,0.25,0.28,0.11,0.02,0.01,1,0,40832.25,0.0,0.0,40735.5,0.0,-0.0014958448753462604
2020-11-28 18:40:00,34917.475,-70.275,0.25,0.28,0.11,0.02,0.01,1,0,34917.475,0.0,0.0,34987.75,0.0,-0.0014958448753462604
2020-11-28 19:00:00,33494.5,0.0,0.25,0.28,0.11,0.02,0.01,1,0,33494.5,0.0,0.0,33494.5,0.0,-0.0014958448753462604
2020-11-28 19:20:00,30234.749999999996,0.0,0.25,0.28,0.11,0.02,0.01,1,0,30234.749999999996,0.0,0.0,30234.749999999996,0.0,-0.0014958448753462604
2020-11-28 19:40:00,24342.75,0.0,0.25,0.28,0.11,0.02,0.01,1,0,24342.75,0.0,0.0,24342.75,0.0,-0.0014958448753462604
2020-11-28 20:00:00,23615.5,0.0,0.25,0.21,0.11,0.02,0.01,1,0,23615.5,0.0,0.0,23615.5,0.0,-0.0014958448753462604
2020-11-28 20:20:00,23421.75,0.0,0.25,0.21,0.11,0.02,0.01,1,0,23421.75,0.0,0.0,23421.75,0.0,-0.0014958448753462604
2020-11-28 20:40:00,23207.75,0.0,0.25,0.21,0.11,0.02,0.01,1,0,23207.75,0.0,0.0,23207.75,0.0,-0.0014958448753462604
2020-11-28 21:00:00,23588.3,0.0,0.25,0.21,0.11,0.02,0.01,1,0,23588.3,0.0,0.0,23588.3,0.0,-0.0014958448753462604
2020-11-28 21:20:00,23831.925,0.0,0.25,0.21,0.11,0.02,0.01,1,0,23831.925,0.0,0.0,23831.925,0.0,-0.0014958448753462604
2020-11-28 21:40:00,26588.549999999996,0.0,0.25,0.21,0.11,0.02,0.01,1,0,26588.549999999996,0.0,0.0,26588.549999999996,0.0,-0.0014958448753462604
2020-11-28 22:00:00,26162.699999999997,0.0,0.25,0.16,0.11,0.02,0.01,1,0,26162.699999999997,0.0,0.0,26162.699999999997,0.0,-0.0014958448753462604
2020-11-28 22:20:00,25649.7,0.0,0.25,0.16,0.11,0.02,0.01,1,0,25649.7,0.0,0.0,25649.7,0.0,-0.0014958448753462604
2020-11-28 22:40:00,23611.475000000006,0.0,0.25,0.16,0.11,0.02,0.01,1,0,23611.475000000006,0.0,0.0,23611.475000000006,0.0,-0.0014958448753462604
2020-11-28 23:00:00,24223.424999999996,0.0,0.25,0.16,0.11,0.02,0.01,1,0,24223.424999999996,0.0,0.0,24223.424999999996,0.0,-0.0014958448753462604
2020-11-28 23:20:00,24865.4,0.0,0.25,0.16,0.11,0.02,0.01,1,0,24865.4,0.0,0.0,24865.4,0.0,-0.0014958448753462604
2020-11-28 23:40:00,25056.775,0.0,0.25,0.16,0.11,0.02,0.01,1,0,25056.775,0.0,0.0,25056.775,0.0,-0.0014958448753462604
2020-11-29 00:00:00,24262.674999999996,0.0,0.25,0.16,0.11,0.02,0.01,1,0,24262.674999999996,0.0,0.0,24262.674999999996,0.0,-0.0014958448753462604
2020-11-29 00:20:00,24329.75,0.0,0.25,0.16,0.11,0.02,0.01,1,0,24329.75,0.0,0.0,24329.75,0.0,-0.0014958448753462604
2020-11-29 00:40:00,24058.5,0.0,0.25,0.16,0.11,0.02,0.01,1,0,24058.5,0.0,0.0,24058.5,0.0,-0.0014958448753462604
2020-11-29 01:00:00,23595.325,0.0,0.25,0.16,0.11,0.02,0.01,1,0,23595.325,0.0,0.0,23595.325,0.0,-0.0014958448753462604
2020-11-29 01:20:00,23496.350000000006,0.0,0.25,0.16,0.11,0.02,0.01,1,0,23496.350000000006,0.0,0.0,23496.350000000006,0.0,-0.0014958448753462604
2020-11-29 01:40:00,22574.1,0.0,0.25,0.16,0.11,0.02,0.01,1,0,22574.1,0.0,0.0,22574.1,0.0,-0.0014958448753462604
2020-11-29 02:00:00,23372.050000000003,0.0,0.25,0.16,0.11,0.02,0.01,1,0,23372.050000000003,0.0,0.0,23372.050000000003,0.0,-0.0014958448753462604
2020-11-29 02:20:00,21804.6,0.0,0.25,0.16,0.11,0.02,0.01,1,0,21804.6,0.0,0.0,21804.6,0.0,-0.0014958448753462604
2020-11-29 02:40:00,22871.0,0.0,0.25,0.16,0.11,0.02,0.01,1,0,22871.0,0.0,0.0,22871.0,0.0,-0.0014958448753462604
2020-11-29 03:00:00,22890.875,0.0,0.25,0.16,0.11,0.02,0.01,1,0,22890.875,0.0,0.0,22890.875,0.0,-0.0014958448753462604
2020-11-29 03:20:00,22158.125,0.0,0.25,0.16,0.11,0.02,0.01,1,0,22158.125,0.0,0.0,22158.125,0.0,-0.0014958448753462604
2020-11-29 03:40:00,21334.5,0.0,0.25,0.16,0.11,0.02,0.01,1,0,21334.5,0.0,0.0,21334.5,0.0,-0.0014958448753462604
2020-11-29 04:00:00,21313.1,0.0,0.25,0.16,0.11,0.02,0.01,1,0,21313.1,0.0,0.0,21313.1,0.0,-0.0014958448753462604
2020-11-29 04:20:00,20712.175,0.0,0.25,0.16,0.11,0.02,0.01,1,0,20712.175,0.0,0.0,20712.175,0.0,-0.0014958448753462604
2020-11-29 04:40:00,19249.1,43.975,0.25,0.16,0.11,0.02,0.01,1,0,19249.1,0.0,0.0,19205.125,0.0,-0.0014958448753462604
2020-11-29 05:00:00,18837.075,656.0250000000001,0.25,0.16,0.11,0.02,0.01,1,0,18837.075,0.0,0.0,18181.05,0.0,-0.0014958448753462604
2020-11-29 05:20:00,18163.7,1047.2,0.25,0.16,0.11,0.02,0.01,1,0,18163.7,0.0,0.0,17116.5,0.0,-0.0014958448753462604
2020-11-29 05:40:00,18565.5,1431.75,0.25,0.16,0.11,0.02,0.01,1,0,18565.5,0.0,0.0,17133.75,0.0,-0.0014958448753462604
2020-11-29 06:00:00,18322.600000000006,2914.25,0.25,0.28,0.11,0.02,0.01,1,0,18322.600000000006,0.0,0.0,15408.350000000006,0.0,-0.0014958448753462604
2020-11-29 06:20:00,17255.825,4319.75,0.25,0.28,0.11,0.02,0.01,1,0,17255.825,0.0,0.0,12936.075,0.0,-0.0014958448753462604
2020-11-29 06:40:00,17668.75,5472.0,0.25,0.28,0.11,0.02,0.01,1,0,17668.75,0.0,0.0,12196.75,0.0,-0.0014958448753462604
2020-11-29 07:00:00,18112.975,5467.0,0.25,0.28,0.11,0.02,0.01,1,0,18112.975,0.0,0.0,12645.974999999999,0.0,-0.0014958448753462604
2020-11-29 07:20:00,20331.949999999997,8024.0,0.25,0.28,0.11,0.02,0.01,1,0,20331.949999999997,0.0,0.0,12307.949999999997,0.0,-0.0014958448753462604
2020-11-29 07:40:00,30486.0,11052.5,0.25,0.28,0.11,0.02,0.01,1,0,30486.0,0.0,0.0,19433.5,0.0,-0.0014958448753462604
2020-11-29 08:00:00,31399.375,12772.5,0.25,0.28,0.11,0.02,0.01,1,0,31399.375,0.0,0.0,18626.875,0.0,-0.0014958448753462604
2020-11-29 08:20:00,29377.9,14210.0,0.25,0.28,0.11,0.02,0.01,1,0,29377.9,0.0,0.0,15167.900000000001,0.0,-0.0014958448753462604
2020-11-29 08:40:00,29386.475,16197.5,0.25,0.28,0.11,0.02,0.01,1,0,29386.475,0.0,0.0,13188.974999999999,0.0,-0.0014958448753462604
2020-11-29 09:00:00,30870.05,17175.0,0.25,0.21,0.11,0.02,0.01,1,0,30870.05,0.0,0.0,13695.05,0.0,-0.0014958448753462604
2020-11-29 09:20:00,30333.45,20330.0,0.25,0.21,0.11,0.02,0.01,1,0,30333.45,0.0,0.0,10003.45,0.0,-0.0014958448753462604
2020-11-29 09:40:00,29812.25,27815.0,0.25,0.21,0.11,0.02,0.01,1,0,29812.25,0.0,0.0,1997.25,0.0,-0.0014958448753462604
2020-11-29 10:00:00,30507.75,27757.5,0.25,0.21,0.11,0.02,0.01,1,0,30507.75,0.0,0.0,2750.25,0.0,-0.0014958448753462604
2020-11-29 10:20:00,32422.25,28905.0,0.25,0.21,0.11,0.02,0.01,1,0,32422.25,0.0,0.0,3517.25,0.0,-0.0014958448753462604
2020-11-29 10:40:00,32028.75,29212.5,0.25,0.21,0.11,0.02,0.01,1,0,32028.75,0.0,0.0,2816.25,0.0,-0.0014958448753462604
2020-11-29 11:00:00,34201.0,29222.5,0.25,0.21,0.11,0.02,0.01,1,0,34201.0,0.0,0.0,4978.5,0.0,-0.0014958448753462604
2020-11-29 11:20:00,34101.5,29467.5,0.25,0.21,0.11,0.02,0.01,1,0,34101.5,0.0,0.0,4634.0,0.0,-0.0014958448753462604
2020-11-29 11:40:00,36956.0,29495.0,0.25,0.21,0.11,0.02,0.01,1,0,36956.0,0.0,0.0,7461.0,0.0,-0.0014958448753462604
2020-11-29 12:00:00,33715.0,29625.0,0.25,0.21,0.11,0.02,0.01,1,0,33715.0,0.0,0.0,4090.0,0.0,-0.0014958448753462604
2020-11-29 12:20:00,34982.0,29322.5,0.25,0.21,0.11,0.02,0.01,1,0,34982.0,0.0,0.0,5659.5,0.0,-0.0014958448753462604
2020-11-29 12:40:00,34672.0,27705.0,0.25,0.21,0.11,0.02,0.01,1,0,34672.0,0.0,0.0,6967.0,0.0,-0.0014958448753462604
2020-11-29 13:00:00,30717.4,27831.25,0.25,0.21,0.11,0.02,0.01,1,0,30717.4,0.0,0.0,2886.1500000000015,0.0,-0.0014958448753462604
2020-11-29 13:20:00,31573.35,27492.5,0.25,0.21,0.11,0.02,0.01,1,0,31573.35,0.0,0.0,4080.8499999999985,0.0,-0.0014958448753462604
2020-11-29 13:40:00,33653.575,14977.5,0.25,0.21,0.11,0.02,0.01,1,0,33653.575,0.0,0.0,18676.074999999997,0.0,-0.0014958448753462604
2020-11-29 14:00:00,32024.225,21685.0,0.25,0.21,0.11,0.02,0.01,1,0,32024.225,0.0,0.0,10339.224999999999,0.0,-0.0014958448753462604
2020-11-29 14:20:00,34548.0,12514.75,0.25,0.21,0.11,0.02,0.01,1,0,34548.0,0.0,0.0,22033.25,0.0,-0.0014958448753462604
2020-11-29 14:40:00,31971.175,12645.25,0.25,0.21,0.11,0.02,0.01,1,0,31971.175,0.0,0.0,19325.925,0.0,-0.0014958448753462604
2020-11-29 15:00:00,36404.8,4941.75,0.25,0.21,0.11,0.02,0.01,1,0,36404.8,0.0,0.0,31463.050000000003,0.0,-0.0014958448753462604
2020-11-29 15:20:00,33567.925,4197.25,0.25,0.21,0.11,0.02,0.01,1,0,33567.925,0.0,0.0,29370.675000000003,0.0,-0.0014958448753462604
2020-11-29 15:40:00,33523.7,3549.0,0.25,0.21,0.11,0.02,0.01,1,0,33523.7,0.0,0.0,29974.699999999997,0.0,-0.0014958448753462604
2020-11-29 16:00:00,35668.825000000004,2567.75,0.25,0.21,0.11,0.02,0.01,1,0,35668.825000000004,0.0,0.0,33101.075000000004,0.0,-0.0014958448753462604
2020-11-29 16:20:00,32594.65,2647.75,0.25,0.21,0.11,0.02,0.01,1,0,32594.65,0.0,0.0,29946.9,0.0,-0.0014958448753462604
2020-11-29 16:40:00,25154.35,3555.25,0.25,0.21,0.11,0.02,0.01,1,0,25154.35,0.0,0.0,21599.1,0.0,-0.0014958448753462604
2020-11-29 17:00:00,22434.125,3942.25,0.25,0.28,0.11,0.02,0.01,1,0,22434.125,0.0,0.0,18491.875,0.0,-0.0014958448753462604
2020-11-29 17:20:00,19839.775,2604.75,0.25,0.28,0.11,0.02,0.01,1,0,19839.775,0.0,0.0,17235.025,0.0,-0.0014958448753462604
2020-11-29 17:40:00,20716.5,1929.5,0.25,0.28,0.11,0.02,0.01,1,0,20716.5,0.0,0.0,18787.0,0.0,-0.0014958448753462604
2020-11-29 18:00:00,22527.225,967.225,0.25,0.28,0.11,0.02,0.01,1,0,22527.225,0.0,0.0,21560.0,0.0,-0.0014958448753462604
2020-11-29 18:20:00,22909.85,601.35,0.25,0.28,0.11,0.02,0.01,1,0,22909.85,0.0,0.0,22308.5,0.0,-0.0014958448753462604
2020-11-29 18:40:00,24750.600000000006,121.60000000000001,0.25,0.28,0.11,0.02,0.01,1,0,24750.600000000006,0.0,0.0,24629.000000000007,0.0,-0.0014958448753462604
2020-11-29 19:00:00,32714.350000000002,-43.574999999999996,0.25,0.28,0.11,0.02,0.01,1,0,32714.350000000002,0.0,0.0,32757.925000000003,0.0,-0.0014958448753462604
2020-11-29 19:20:00,26447.875,0.0,0.25,0.28,0.11,0.02,0.01,1,0,26447.875,0.0,0.0,26447.875,0.0,-0.0014958448753462604
2020-11-29 19:40:00,28237.2,0.0,0.25,0.28,0.11,0.02,0.01,1,0,28237.2,0.0,0.0,28237.2,0.0,-0.0014958448753462604
2020-11-29 20:00:00,24642.7,0.0,0.25,0.21,0.11,0.02,0.01,1,0,24642.7,0.0,0.0,24642.7,0.0,-0.0014958448753462604
2020-11-29 20:20:00,25358.6,0.0,0.25,0.21,0.11,0.02,0.01,1,0,25358.6,0.0,0.0,25358.6,0.0,-0.0014958448753462604
2020-11-29 20:40:00,22569.975,0.0,0.25,0.21,0.11,0.02,0.01,1,0,22569.975,0.0,0.0,22569.975,0.0,-0.0014958448753462604
2020-11-29 21:00:00,22290.074999999997,0.0,0.25,0.21,0.11,0.02,0.01,1,0,22290.074999999997,0.0,0.0,22290.074999999997,0.0,-0.0014958448753462604
2020-11-29 21:20:00,22133.75,0.0,0.25,0.21,0.11,0.02,0.01,1,0,22133.75,0.0,0.0,22133.75,0.0,-0.0014958448753462604
2020-11-29 21:40:00,25532.475,0.0,0.25,0.21,0.11,0.02,0.01,1,0,25532.475,0.0,0.0,25532.475,0.0,-0.0014958448753462604
2020-11-29 22:00:00,22471.8,0.0,0.25,0.16,0.11,0.02,0.01,1,0,22471.8,0.0,0.0,22471.8,0.0,-0.0014958448753462604
2020-11-29 22:20:00,22042.6,0.0,0.25,0.16,0.11,0.02,0.01,1,0,22042.6,0.0,0.0,22042.6,0.0,-0.0014958448753462604
2020-11-29 22:40:00,22232.95,0.0,0.25,0.16,0.11,0.02,0.01,1,0,22232.95,0.0,0.0,22232.95,0.0,-0.0014958448753462604
2020-11-29 23:00:00,22414.049999999996,0.0,0.25,0.16,0.11,0.02,0.01,1,0,22414.049999999996,0.0,0.0,22414.049999999996,0.0,-0.0014958448753462604
2020-11-29 23:20:00,21777.775,0.0,0.25,0.16,0.11,0.02,0.01,1,0,21777.775,0.0,0.0,21777.775,0.0,-0.0014958448753462604
2020-11-29 23:40:00,22132.625,0.0,0.25,0.16,0.11,0.02,0.01,1,0,22132.625,0.0,0.0,22132.625,0.0,-0.0014958448753462604
2020-11-30 00:00:00,20927.950000000004,0.0,0.25,0.16,0.11,0.02,0.01,1,0,20927.950000000004,0.0,0.0,20927.950000000004,0.0,-0.0014958448753462604
2020-11-30 00:20:00,23064.925,0.0,0.25,0.16,0.11,0.02,0.01,1,0,23064.925,0.0,0.0,23064.925,0.0,-0.0014958448753462604
2020-11-30 00:40:00,21769.425,0.0,0.25,0.16,0.11,0.02,0.01,1,0,21769.425,0.0,0.0,21769.425,0.0,-0.0014958448753462604
2020-11-30 01:00:00,21215.65,0.0,0.25,0.16,0.11,0.02,0.01,1,0,21215.65,0.0,0.0,21215.65,0.0,-0.0014958448753462604
2020-11-30 01:20:00,20581.0,0.0,0.25,0.16,0.11,0.02,0.01,1,0,20581.0,0.0,0.0,20581.0,0.0,-0.0014958448753462604
2020-11-30 01:40:00,20811.725,0.0,0.25,0.16,0.11,0.02,0.01,1,0,20811.725,0.0,0.0,20811.725,0.0,-0.0014958448753462604
2020-11-30 02:00:00,20093.925,0.0,0.25,0.16,0.11,0.02,0.01,1,0,20093.925,0.0,0.0,20093.925,0.0,-0.0014958448753462604
2020-11-30 02:20:00,20465.199999999997,0.0,0.25,0.16,0.11,0.02,0.01,1,0,20465.199999999997,0.0,0.0,20465.199999999997,0.0,-0.0014958448753462604
2020-11-30 02:40:00,19780.550000000003,0.0,0.25,0.16,0.11,0.02,0.01,1,0,19780.550000000003,0.0,0.0,19780.550000000003,0.0,-0.0014958448753462604
2020-11-30 03:00:00,20629.950000000004,0.0,0.25,0.16,0.11,0.02,0.01,1,0,20629.950000000004,0.0,0.0,20629.950000000004,0.0,-0.0014958448753462604
2020-11-30 03:20:00,21455.449999999993,0.0,0.25,0.16,0.11,0.02,0.01,1,0,21455.449999999993,0.0,0.0,21455.449999999993,0.0,-0.0014958448753462604
2020-11-30 03:40:00,20143.75,0.0,0.25,0.16,0.11,0.02,0.01,1,0,20143.75,0.0,0.0,20143.75,0.0,-0.0014958448753462604
2020-11-30 04:00:00,20020.274999999998,0.0,0.25,0.16,0.11,0.02,0.01,1,0,20020.274999999998,0.0,0.0,20020.274999999998,0.0,-0.0014958448753462604
2020-11-30 04:20:00,19690.375,0.0,0.25,0.16,0.11,0.02,0.01,1,0,19690.375,0.0,0.0,19690.375,0.0,-0.0014958448753462604
2020-11-30 04:40:00,20795.175000000003,0.0,0.25,0.16,0.11,0.02,0.01,1,0,20795.175000000003,0.0,0.0,20795.175000000003,0.0,-0.0014958448753462604
2020-11-30 05:00:00,16937.375,160.225,0.25,0.16,0.11,0.02,0.01,1,0,16937.375,0.0,0.0,16777.15,0.0,-0.0014958448753462604
2020-11-30 05:20:00,17366.025,572.05,0.25,0.16,0.11,0.02,0.01,1,0,17366.025,0.0,0.0,16793.975000000002,0.0,-0.0014958448753462604
2020-11-30 05:40:00,17426.199999999997,674.4,0.25,0.16,0.11,0.02,0.01,1,0,17426.199999999997,0.0,0.0,16751.799999999996,0.0,-0.0014958448753462604
2020-11-30 06:00:00,19988.774999999998,1875.75,0.25,0.28,0.11,0.02,0.01,1,0,19988.774999999998,0.0,0.0,18113.024999999998,0.0,-0.0014958448753462604
2020-11-30 06:20:00,17128.025,4030.75,0.25,0.28,0.11,0.02,0.01,1,0,17128.025,0.0,0.0,13097.275000000001,0.0,-0.0014958448753462604
2020-11-30 06:40:00,14847.05,5816.5,0.25,0.28,0.11,0.02,0.01,1,0,14847.05,0.0,0.0,9030.55,0.0,-0.0014958448753462604
2020-11-30 07:00:00,16156.425,6705.75,0.25,0.28,0.11,0.02,0.01,1,0,16156.425,0.0,0.0,9450.675,0.0,-0.0014958448753462604
2020-11-30 07:20:00,16086.650000000001,8477.0,0.25,0.28,0.11,0.02,0.01,1,0,16086.650000000001,0.0,0.0,7609.6500000000015,0.0,-0.0014958448753462604
2020-11-30 07:40:00,13795.575,10247.0,0.25,0.28,0.11,0.02,0.01,1,0,13795.575,0.0,0.0,3548.5750000000007,0.0,-0.0014958448753462604
2020-11-30 08:00:00,11285.45,18205.0,0.25,0.28,0.11,0.02,0.01,1,0,11285.45,-6919.549999999999,0.0,0.0,0.0,-0.0014958448753462604
2020-11-30 08:20:00,6951.225,25330.0,0.25,0.28,0.11,0.02,0.01,1,0,6951.225,-7500.0,0.0,0.0,-10878.775000000001,2.1896949884579864
2020-11-30 08:40:00,13071.975,25882.5,0.25,0.28,0.11,0.02,0.01,1,0,13071.975,-7500.0,0.0,0.0,-5310.525,4.564694988457987
2020-11-30 09:00:00,8680.2,27042.5,0.25,0.21,0.11,0.02,0.01,1,0,8680.2,-7500.0,0.0,0.0,-10862.3,6.939694988457987
2020-11-30 09:20:00,9086.8,24017.5,0.25,0.21,0.11,0.02,0.01,1,0,9086.8,-7500.0,0.0,0.0,-7430.700000000001,9.314694988457987
2020-11-30 09:40:00,13039.6,28110.0,0.25,0.21,0.11,0.02,0.01,1,0,13039.6,-4830.915034626041,0.0,0.0,-10239.484965373958,11.689694988457987
2020-11-30 10:00:00,7814.875,29122.5,0.25,0.21,0.11,0.02,0.01,1,0,7814.875,-241.54575173130155,0.0,0.0,-21066.0792482687,13.2194847494229
2020-11-30 10:20:00,6719.85,29767.5,0.25,0.21,0.11,0.02,0.01,1,0,6719.85,-12.077287586564012,0.0,0.0,-23035.57271241344,13.295974237471146
2020-11-30 10:40:00,5625.675,30100.0,0.25,0.21,0.11,0.02,0.01,1,0,5625.675,-0.6038643793271348,0.0,0.0,-24473.721135620675,13.299798711873558
2020-11-30 11:00:00,7552.9,30295.0,0.25,0.21,0.11,0.02,0.01,1,0,7552.9,-0.03019321896502447,0.0,0.0,-22742.069806781034,13.299989935593679
2020-11-30 11:20:00,12208.400000000001,30297.5,0.25,0.21,0.11,0.02,0.01,1,0,12208.400000000001,-0.0015096609509157588,0.0,0.0,-18089.09849033905,13.299999496779684
2020-11-30 11:40:00,8997.400000000001,30395.0,0.25,0.21,0.11,0.02,0.01,1,0,8997.400000000001,-7.54830491445091e-05,0.0,0.0,-21397.599924516948,13.299999974838984
2020-11-30 12:00:00,15437.625,30285.0,0.25,0.21,0.11,0.02,0.01,1,0,15437.625,-3.774154322400136e-06,0.0,0.0,-14847.374996225846,13.29999999874195
2020-11-30 12:20:00,26843.85,29687.5,0.25,0.21,0.11,0.02,0.01,1,0,26843.85,-1.887077161200068e-07,0.0,0.0,-2843.6499998112936,13.299999999937098
2020-11-30 12:40:00,17149.05,29702.5,0.25,0.21,0.11,0.02,0.01,1,0,17149.05,-9.43778388773353e-09,0.0,0.0,-12553.449999990564,13.299999999996855
2020-11-30 13:00:00,11250.25,28770.0,0.25,0.21,0.11,0.02,0.01,1,0,11250.25,-4.742872761198669e-10,0.0,0.0,-17519.749999999527,13.299999999999843
2020-11-30 13:20:00,11793.724999999999,27737.5,0.25,0.21,0.11,0.02,0.01,1,0,11793.724999999999,-2.1316282072803006e-11,0.0,0.0,-15943.77499999998,13.299999999999994
2020-11-30 13:40:00,12724.4,26902.5,0.25,0.21,0.11,0.02,0.01,1,0,12724.4,0.0,0.0,0.0,-14178.1,13.3
2020-11-30 14:00:00,17081.9,24100.0,0.25,0.21,0.11,0.02,0.01,1,0,17081.9,0.0,0.0,0.0,-7018.0999999999985,13.3
2020-11-30 14:20:00,14268.75,17847.5,0.25,0.21,0.11,0.02,0.01,1,0,14268.75,0.0,0.0,0.0,-3578.75,13.3
2020-11-30 14:40:00,16249.275000000001,16230.0,0.25,0.21,0.11,0.02,0.01,1,0,16249.275000000001,0.0,19.275000000001455,0.0,0.0,13.3
2020-11-30 15:00:00,20899.800000000003,16987.0,0.25,0.21,0.11,0.02,0.01,1,0,20899.800000000003,0.0,3912.800000000003,0.0,0.0,13.293236842105264
2020-11-30 15:20:00,22377.45,16302.5,0.25,0.21,0.11,0.02,0.01,1,0,22377.45,0.0,6074.950000000001,0.0,0.0,11.92032456140351
2020-11-30 15:40:00,21047.95,10724.75,0.25,0.21,0.11,0.02,0.01,1,0,21047.95,0.0,7500.0,2823.2000000000007,0.0,9.788763157894738
2020-11-30 16:00:00,19911.725,8013.0,0.25,0.21,0.11,0.02,0.01,1,0,19911.725,0.0,7500.0,4398.7249999999985,0.0,7.157184210526317
2020-11-30 16:20:00,21189.15,8292.25,0.25,0.21,0.11,0.02,0.01,1,0,21189.15,0.0,7500.0,5396.9000000000015,0.0,4.525605263157896
2020-11-30 16:40:00,21700.125,6509.75,0.25,0.21,0.11,0.02,0.01,1,0,21700.125,0.0,5682.078947368424,9508.296052631576,0.0,1.8940263157894748
2020-11-30 17:00:00,22072.475,4350.25,0.25,0.28,0.11,0.02,0.01,1,0,22072.475,0.0,0.0,17722.225,0.0,-0.09968559556786727
2020-11-30 17:20:00,21507.450000000004,2382.5,0.25,0.28,0.11,0.02,0.01,1,0,21507.450000000004,0.0,0.0,19124.950000000004,0.0,-0.09968559556786727
2020-11-30 17:40:00,24683.725,1219.025,0.25,0.28,0.11,0.02,0.01,1,0,24683.725,0.0,0.0,23464.699999999997,0.0,-0.09968559556786727
2020-11-30 18:00:00,23831.675,630.95,0.25,0.28,0.11,0.02,0.01,1,0,23831.675,0.0,0.0,23200.725,0.0,-0.09968559556786727
2020-11-30 18:20:00,22049.7,111.5,0.25,0.28,0.11,0.02,0.01,1,0,22049.7,0.0,0.0,21938.2,0.0,-0.09968559556786727
2020-11-30 18:40:00,25477.975,-56.625,0.25,0.28,0.11,0.02,0.01,1,0,25477.975,0.0,0.0,25534.6,0.0,-0.09968559556786727
2020-11-30 19:00:00,25072.75,-41.475,0.25,0.28,0.11,0.02,0.01,1,0,25072.75,0.0,0.0,25114.225,0.0,-0.09968559556786727
2020-11-30 19:20:00,24363.65,0.0,0.25,0.28,0.11,0.02,0.01,1,0,24363.65,0.0,0.0,24363.65,0.0,-0.09968559556786727
2020-11-30 19:40:00,25979.975000000006,0.0,0.25,0.28,0.11,0.02,0.01,1,0,25979.975000000006,0.0,0.0,25979.975000000006,0.0,-0.09968559556786727
2020-11-30 20:00:00,22514.550000000003,0.0,0.25,0.21,0.11,0.02,0.01,1,0,22514.550000000003,0.0,0.0,22514.550000000003,0.0,-0.09968559556786727
2020-11-30 20:20:00,22374.9,0.0,0.25,0.21,0.11,0.02,0.01,1,0,22374.9,0.0,0.0,22374.9,0.0,-0.09968559556786727
2020-11-30 20:40:00,23398.025000000005,0.0,0.25,0.21,0.11,0.02,0.01,1,0,23398.025000000005,0.0,0.0,23398.025000000005,0.0,-0.09968559556786727
2020-11-30 21:00:00,24553.45,0.0,0.25,0.21,0.11,0.02,0.01,1,0,24553.45,0.0,0.0,24553.45,0.0,-0.09968559556786727
2020-11-30 21:20:00,22103.725,0.0,0.25,0.21,0.11,0.02,0.01,1,0,22103.725,0.0,0.0,22103.725,0.0,-0.09968559556786727
2020-11-30 21:40:00,21031.275,0.0,0.25,0.21,0.11,0.02,0.01,1,0,21031.275,0.0,0.0,21031.275,0.0,-0.09968559556786727
2020-11-30 22:00:00,21550.300000000003,0.0,0.25,0.16,0.11,0.02,0.01,1,0,21550.300000000003,0.0,0.0,21550.300000000003,0.0,-0.09968559556786727
2020-11-30 22:20:00,24916.175000000003,0.0,0.25,0.16,0.11,0.02,0.01,1,0,24916.175000000003,0.0,0.0,24916.175000000003,0.0,-0.09968559556786727
2020-11-30 22:40:00,21327.674999999996,0.0,0.25,0.16,0.11,0.02,0.01,1,0,21327.674999999996,0.0,0.0,21327.674999999996,0.0,-0.09968559556786727
2020-11-30 23:00:00,21723.274999999994,0.0,0.25,0.16,0.11,0.02,0.01,1,0,21723.274999999994,0.0,0.0,21723.274999999994,0.0,-0.09968559556786727
2020-11-30 23:20:00,20106.725,0.0,0.25,0.16,0.11,0.02,0.01,1,0,20106.725,0.0,0.0,20106.725,0.0,-0.09968559556786727
2020-11-30 23:40:00,21037.85,0.0,0.25,0.16,0.11,0.02,0.01,1,0,21037.85,0.0,0.0,0.0,0.0,-0.09968559556786727
